http://www.archive.org/details/televisionstudio00coop,2011 Sep 13 : 14:54:23
http://www.archive.org/details/effectofhighexha00blis,2011 Sep 13 : 14:56:26
http://www.archive.org/details/developmentofhyd00ande,2011 Sep 13 : 14:56:28
http://www.archive.org/details/theoreticalinves00rehf,2011 Sep 13 : 14:56:28
http://www.archive.org/details/appraisalofcasem00litt,2011 Sep 13 : 14:56:29
http://www.archive.org/details/effectofsizeonha00mach,2011 Sep 13 : 14:56:29
http://www.archive.org/details/investigationofe00pier,2011 Sep 13 : 14:56:29
http://www.archive.org/details/systemsoforder00mcga,2011 Sep 13 : 14:56:30
http://www.archive.org/details/thermodynamiccha00farr,2011 Sep 13 : 14:56:30
http://www.archive.org/details/distributionofen00baxt,2011 Sep 13 : 14:56:30
http://www.archive.org/details/studyoftransfero00benn,2011 Sep 13 : 14:56:34
http://www.archive.org/details/directcurrentlim00beie,2011 Sep 13 : 14:56:34
http://www.archive.org/details/toinvestigateuse00acuf,2011 Sep 13 : 14:56:35
http://www.archive.org/details/reactionanalysis00cahn,2011 Sep 13 : 14:56:36
http://www.archive.org/details/numericalstudyof00baco,2011 Sep 13 : 14:56:37
http://www.archive.org/details/methodforconvers00sell,2011 Sep 13 : 14:56:39
http://www.archive.org/details/studyofsantaanaw00stra,2011 Sep 13 : 14:56:41
http://www.archive.org/details/locatingunderwat00hugh,2011 Sep 13 : 14:56:44
http://www.archive.org/details/darkme01jude,2011 Sep 13 : 14:56:44
http://www.archive.org/details/oscilloscopeswee00simp,2011 Sep 13 : 14:56:45
http://www.archive.org/details/terrestrialphoto00jarv,2011 Sep 13 : 14:56:46
http://www.archive.org/details/secondorderlinea00dunn,2011 Sep 13 : 14:56:47
http://www.archive.org/details/theoreticalstudy00erbl,2011 Sep 13 : 14:56:49
http://www.archive.org/details/simulationoftact00wall,2011 Sep 13 : 14:56:52
http://www.archive.org/details/warreservecompon00kram,2011 Sep 13 : 14:56:55
http://www.archive.org/details/effectofrollpitc00szem,2011 Sep 13 : 14:56:58
http://www.archive.org/details/selectiontrainin00shel,2011 Sep 13 : 14:57:03
http://www.archive.org/details/effectofwaterinj00tuge,2011 Sep 13 : 14:57:05
http://www.archive.org/details/investigationofi00gree,2011 Sep 13 : 14:57:06
http://www.archive.org/details/powersensitivese00glod,2011 Sep 13 : 14:57:09
http://www.archive.org/details/analysisofunplan00mcca,2011 Sep 13 : 14:57:12
http://www.archive.org/details/investigationofr00scot,2011 Sep 13 : 14:57:14
http://www.archive.org/details/designanalysisof00alex,2011 Sep 13 : 14:57:16
http://www.archive.org/details/investigationofa00bain,2011 Sep 13 : 14:57:19
http://www.archive.org/details/searchpriorities00trac,2011 Sep 13 : 14:57:20
http://www.archive.org/details/quantitativequal00john,2011 Sep 13 : 14:57:22
http://www.archive.org/details/retentionofjunio00lope,2011 Sep 13 : 14:57:25
http://www.archive.org/details/studyofselection00litt,2011 Sep 13 : 14:57:27
http://www.archive.org/details/practicalapplica00blac,2011 Sep 13 : 14:57:30
http://www.archive.org/details/planningconversi00brig,2011 Sep 13 : 14:57:32
http://www.archive.org/details/developmentofmor00noel,2011 Sep 13 : 14:57:34
http://www.archive.org/details/airinletsforturb00coyl,2011 Sep 13 : 14:57:37
http://www.archive.org/details/reynoldsnumberef00merc,2011 Sep 13 : 14:57:39
http://www.archive.org/details/turbulentmixinga00naym,2011 Sep 13 : 14:57:41
http://www.archive.org/details/schemeforencoura00smit,2011 Sep 13 : 14:57:47
http://www.archive.org/details/traininginusnava00scot,2011 Sep 13 : 14:57:50
http://www.archive.org/details/thunderstormfore00berr,2011 Sep 13 : 14:57:53
http://www.archive.org/details/designofannularc00last,2011 Sep 13 : 14:57:56
http://www.archive.org/details/designofdecktype00will,2011 Sep 13 : 14:57:58
http://www.archive.org/details/problemofpersonn00rayn,2011 Sep 13 : 14:58:00
http://www.archive.org/details/principlestechni00moor,2011 Sep 13 : 14:58:05
http://www.archive.org/details/highvelocityimpa00shol,2011 Sep 13 : 14:58:06
http://www.archive.org/details/improvingelectro00brow,2011 Sep 13 : 14:58:10
http://www.archive.org/details/somestudiesofexp00klei,2011 Sep 13 : 14:58:12
http://www.archive.org/details/studyofattitudes00scha,2011 Sep 13 : 14:58:15
http://www.archive.org/details/lateralstability00duru,2011 Sep 13 : 14:58:18
http://www.archive.org/details/jobbilletanalysi00swan,2011 Sep 13 : 14:58:21
http://www.archive.org/details/investigationoff00bosc,2011 Sep 13 : 14:58:29
http://www.archive.org/details/jobbilletanalysi00mart,2011 Sep 13 : 14:58:33
http://www.archive.org/details/investigationofs00mcen,2011 Sep 13 : 14:58:35
http://www.archive.org/details/motivationofenli00hobb,2011 Sep 13 : 14:58:37
http://www.archive.org/details/mixturerequireme00fawk,2011 Sep 13 : 14:58:40
http://www.archive.org/details/recruittrainingi00poll,2011 Sep 13 : 14:58:43
http://www.archive.org/details/methodofpredicti00kell,2011 Sep 13 : 14:58:45
http://www.archive.org/details/ionizationbounda00shaa,2011 Sep 13 : 14:58:47
http://www.archive.org/details/subminiaturetube00mcne,2011 Sep 13 : 14:58:50
http://www.archive.org/details/studyofcharacter00levi,2011 Sep 13 : 14:58:51
http://www.archive.org/details/incentiveplanscu00robb,2011 Sep 13 : 14:58:54
http://www.archive.org/details/studyofeffectofs00ches,2011 Sep 13 : 14:58:56
http://www.archive.org/details/controlcharacter00rals,2011 Sep 13 : 14:58:58
http://www.archive.org/details/proposedmethodpa00munn,2011 Sep 13 : 14:58:59
http://www.archive.org/details/performancetobee00pixt,2011 Sep 13 : 14:59:01
http://www.archive.org/details/constructiontest00dare,2011 Sep 13 : 14:59:04
http://www.archive.org/details/transferofstress00love,2011 Sep 13 : 14:59:05
http://www.archive.org/details/investigationofs00wrig,2011 Sep 13 : 14:59:07
http://www.archive.org/details/commercialproduc00preh,2011 Sep 13 : 14:59:09
http://www.archive.org/details/designofallwelde00cass,2011 Sep 13 : 14:59:10
http://www.archive.org/details/investigationofv00pete,2011 Sep 13 : 14:59:12
http://www.archive.org/details/sinteringaspract00naev,2011 Sep 13 : 14:59:13
http://www.archive.org/details/investigationofc00comp,2011 Sep 13 : 14:59:15
http://www.archive.org/details/investigationofr00deod,2011 Sep 13 : 14:59:16
http://www.archive.org/details/shellforgingmeth00marz,2011 Sep 13 : 14:59:17
http://www.archive.org/details/investigationofc00simo,2011 Sep 13 : 14:59:18
http://www.archive.org/details/theoryofflamehol00fiel,2011 Sep 13 : 14:59:20
http://www.archive.org/details/effectofrollofsh00clar,2011 Sep 13 : 14:59:22
http://www.archive.org/details/resultsofdilatom00dahl,2011 Sep 13 : 14:59:23
http://www.archive.org/details/investigationofd00parr,2011 Sep 13 : 14:59:25
http://www.archive.org/details/investigationofh00morr,2011 Sep 13 : 14:59:26
http://www.archive.org/details/effectofreynolds00beve,2011 Sep 13 : 14:59:29
http://www.archive.org/details/useofelectronica00eric,2011 Sep 13 : 14:59:30
http://www.archive.org/details/vortexflowinactu00vick,2011 Sep 13 : 14:59:32
http://www.archive.org/details/simplifiedsoluti00haye,2011 Sep 13 : 14:59:33
http://www.archive.org/details/stabilityofflame00osbo,2011 Sep 13 : 14:59:34
http://www.archive.org/details/stabilizationofs00prag,2011 Sep 13 : 14:59:36
http://www.archive.org/details/studyoftimevaryi00seym,2011 Sep 13 : 14:59:37
http://www.archive.org/details/thermodynamicinv00lund,2011 Sep 13 : 14:59:39
http://www.archive.org/details/studiesofradiant00beni,2011 Sep 13 : 14:59:40
http://www.archive.org/details/studyofchainrela00will,2011 Sep 13 : 14:59:41
http://www.archive.org/details/studyofmethodsto00poll,2011 Sep 13 : 14:59:42
http://www.archive.org/details/reversedbendingf00cool,2011 Sep 13 : 14:59:45
http://www.archive.org/details/flowfieldaroundf00muir,2011 Sep 13 : 14:59:46
http://www.archive.org/details/investigationofe00trip,2011 Sep 13 : 14:59:48
http://www.archive.org/details/investigationoff00jack,2011 Sep 13 : 14:59:49
http://www.archive.org/details/investigationofi00sand,2011 Sep 13 : 14:59:50
http://www.archive.org/details/investigationofl00cone,2011 Sep 13 : 14:59:52
http://www.archive.org/details/winterweathertyp00kosc,2011 Sep 13 : 14:59:53
http://www.archive.org/details/climatologyofgre00prue,2011 Sep 13 : 14:59:53
http://www.archive.org/details/investigationofs00moor,2011 Sep 13 : 14:59:54
http://www.archive.org/details/investigationofs00pers,2011 Sep 13 : 14:59:56
http://www.archive.org/details/investigationofstre00chan,2011 Sep 13 : 14:59:57
http://www.archive.org/details/designproceduref00patr,2011 Sep 13 : 14:59:59
http://www.archive.org/details/designofsixcompo00ford,2011 Sep 13 : 15:00:00
http://www.archive.org/details/designofinstrume00burg,2011 Sep 13 : 15:00:01
http://www.archive.org/details/investigationofe00ours,2011 Sep 13 : 15:00:03
http://www.archive.org/details/flowfieldaroundf00mack,2011 Sep 13 : 15:00:04
http://www.archive.org/details/generalizationof00blan,2011 Sep 13 : 15:00:06
http://www.archive.org/details/higherorderappro00monr,2011 Sep 13 : 15:00:07
http://www.archive.org/details/hydrogenproducti00will,2011 Sep 13 : 15:00:07
http://www.archive.org/details/experimentalinve00weat,2011 Sep 13 : 15:00:10
http://www.archive.org/details/experimentalinve00clan,2011 Sep 13 : 15:00:12
http://www.archive.org/details/investigationofa00keim,2011 Sep 13 : 15:00:14
http://www.archive.org/details/evaluationoftens00mech,2011 Sep 13 : 15:00:15
http://www.archive.org/details/energytransforma00rick,2011 Sep 13 : 15:00:16
http://www.archive.org/details/electricwavefilt00osbo,2011 Sep 13 : 15:00:18
http://www.archive.org/details/investigationofe00bodn,2011 Sep 13 : 15:00:20
http://www.archive.org/details/effectoftemperat00vica,2011 Sep 13 : 15:00:21
http://www.archive.org/details/criticalstudyofs00brow,2011 Sep 13 : 15:00:22
http://www.archive.org/details/conversioneffici00sach,2011 Sep 13 : 15:00:23
http://www.archive.org/details/propellercharact00russ,2011 Sep 13 : 15:00:24
http://www.archive.org/details/plantdesignappli00zahn,2011 Sep 13 : 15:00:25
http://www.archive.org/details/applicationofint00utgo,2011 Sep 13 : 15:00:26
http://www.archive.org/details/fuelsforjetpropu00stae,2011 Sep 13 : 15:00:27
http://www.archive.org/details/applicationofmet00grif,2011 Sep 13 : 15:00:29
http://www.archive.org/details/apparatusforstud00mull,2011 Sep 13 : 15:00:30
http://www.archive.org/details/compositionofexh00rams,2011 Sep 13 : 15:00:32
http://www.archive.org/details/aluminumcopperni00rook,2011 Sep 13 : 15:00:34
http://www.archive.org/details/causesforecastin00mcki,2011 Sep 13 : 15:00:35
http://www.archive.org/details/factorsgoverning00robe,2011 Sep 13 : 15:00:36
http://www.archive.org/details/automaticcontrol00payn,2011 Sep 13 : 15:00:38
http://www.archive.org/details/efficienyofelect00cost,2011 Sep 13 : 15:00:39
http://www.archive.org/details/performancecalcu00sims,2011 Sep 13 : 15:00:43
http://www.archive.org/details/effectofvalveove00mcel,2011 Sep 13 : 15:00:45
http://www.archive.org/details/experimentaldefl00henr,2011 Sep 13 : 15:00:46
http://www.archive.org/details/primaryfactorinp00tull,2011 Sep 13 : 15:00:49
http://www.archive.org/details/experimentalinve00flem,2011 Sep 13 : 15:00:51
http://www.archive.org/details/pistontemperatur00witt,2011 Sep 13 : 15:00:52
http://www.archive.org/details/studyofpulsecode00sang,2011 Sep 13 : 15:00:53
http://www.archive.org/details/identificationof00bett,2011 Sep 13 : 15:00:55
http://www.archive.org/details/schlierenobserva00perr,2011 Sep 13 : 15:00:56
http://www.archive.org/details/windtunneltestso00mill,2011 Sep 13 : 15:00:59
http://www.archive.org/details/effectofsurfacer00ring,2011 Sep 13 : 15:01:00
http://www.archive.org/details/effectofcertainr00dayd,2011 Sep 13 : 15:01:02
http://www.archive.org/details/carburizationofs00whip,2011 Sep 13 : 15:01:03
http://www.archive.org/details/chargingsysttems00trua,2011 Sep 13 : 15:01:06
http://www.archive.org/details/investigationofs00marq,2011 Sep 13 : 15:01:08
http://www.archive.org/details/designtestofrock00reis,2011 Sep 13 : 15:01:09
http://www.archive.org/details/calculatdflightp00whel,2011 Sep 13 : 15:01:10
http://www.archive.org/details/leadershipinjuni00mcco,2011 Sep 13 : 15:01:14
http://www.archive.org/details/transmissibility00horn,2011 Sep 13 : 15:01:15
http://www.archive.org/details/trainingpettyoff00yost,2011 Sep 13 : 15:01:18
http://www.archive.org/details/investigationofb00coye,2011 Sep 13 : 15:01:19
http://www.archive.org/details/performanceanaly00yate,2011 Sep 13 : 15:01:21
http://www.archive.org/details/effectofsurfacer00hard,2011 Sep 13 : 15:01:23
http://www.archive.org/details/microwaveantenna00mont,2011 Sep 13 : 15:01:24
http://www.archive.org/details/theoryconstructi00smol,2011 Sep 13 : 15:01:26
http://www.archive.org/details/firingcharacteri00mcen,2011 Sep 13 : 15:01:27
http://www.archive.org/details/investigationofm00nich,2011 Sep 13 : 15:01:29
http://www.archive.org/details/behaviorofmetali00robi,2011 Sep 13 : 15:01:30
http://www.archive.org/details/experimentalstud00spen,2011 Sep 13 : 15:01:32
http://www.archive.org/details/dispersionofvelo00elli,2011 Sep 13 : 15:01:34
http://www.archive.org/details/experimentalinve00whit,2011 Sep 13 : 15:01:36
http://www.archive.org/details/effectofmanifold00wads,2011 Sep 13 : 15:01:38
http://www.archive.org/details/surveyofpartofci00grav,2011 Sep 13 : 15:01:40
http://www.archive.org/details/boundarylayercon00ness,2011 Sep 13 : 15:01:42
http://www.archive.org/details/testingturbojetc00nest,2011 Sep 13 : 15:01:43
http://www.archive.org/details/effectofresidual00sore,2011 Sep 13 : 15:01:45
http://www.archive.org/details/unitedstatestuni00olso,2011 Sep 13 : 15:01:47
http://www.archive.org/details/theoreticalinves00dixo,2011 Sep 13 : 15:01:49
http://www.archive.org/details/studyoftemperatu00omea,2011 Sep 13 : 15:01:51
http://www.archive.org/details/theoreticalinves00satt,2011 Sep 13 : 15:01:53
http://www.archive.org/details/studyofporousmet00hoff,2011 Sep 13 : 15:01:55
http://www.archive.org/details/experimentalstud00henn,2011 Sep 13 : 15:01:56
http://www.archive.org/details/relationshipofjo00maca,2011 Sep 13 : 15:01:58
http://www.archive.org/details/investigationofw00rari,2011 Sep 13 : 15:02:00
http://www.archive.org/details/stabilizationofc00step,2011 Sep 13 : 15:02:02
http://www.archive.org/details/stabilizedxbando00bund,2011 Sep 13 : 15:02:03
http://www.archive.org/details/repeatedloadsabo00bull,2011 Sep 13 : 15:02:06
http://www.archive.org/details/stressdistributi00harm,2011 Sep 13 : 15:02:08
http://www.archive.org/details/investigationofe00smit,2011 Sep 13 : 15:02:10
http://www.archive.org/details/investigationofe00seib,2011 Sep 13 : 15:02:12
http://www.archive.org/details/studyofargentina00smit,2011 Sep 13 : 15:02:13
http://www.archive.org/details/investigationofe00park,2011 Sep 13 : 15:02:14
http://www.archive.org/details/investigationsof00soll,2011 Sep 13 : 15:02:16
http://www.archive.org/details/isentropicanalys00love,2011 Sep 13 : 15:02:17
http://www.archive.org/details/magnuseffectonbo00stef,2011 Sep 13 : 15:02:19
http://www.archive.org/details/radiantheattrans00munc,2011 Sep 13 : 15:02:20
http://www.archive.org/details/quantitativeeffe00fure,2011 Sep 13 : 15:02:22
http://www.archive.org/details/pulsedhighfreque00kurt,2011 Sep 13 : 15:02:24
http://www.archive.org/details/pilotedsimulatio00will,2011 Sep 13 : 15:02:26
http://www.archive.org/details/performancecalcu00murp,2011 Sep 13 : 15:02:28
http://www.archive.org/details/nuclearfissionit00rime,2011 Sep 13 : 15:02:30
http://www.archive.org/details/naturedetectionp00tuth,2011 Sep 13 : 15:02:32
http://www.archive.org/details/investigationofp00drou,2011 Sep 13 : 15:02:34
http://www.archive.org/details/investigationofd00turn,2011 Sep 13 : 15:02:36
http://www.archive.org/details/investigationofc00timm,2011 Sep 13 : 15:02:38
http://www.archive.org/details/investigationofa00baco,2011 Sep 13 : 15:02:39
http://www.archive.org/details/studyofeffectofu00mitt,2011 Sep 13 : 15:02:41
http://www.archive.org/details/investigationofa00hasl,2011 Sep 13 : 15:02:43
http://www.archive.org/details/influenceofdirec00doug,2011 Sep 13 : 15:02:45
http://www.archive.org/details/studyofeffectsof00soli,2011 Sep 13 : 15:02:46
http://www.archive.org/details/studyoffactorsaf00gibs,2011 Sep 13 : 15:02:49
http://www.archive.org/details/gastargetstudies00sava,2011 Sep 13 : 15:02:50
http://www.archive.org/details/investigationofd00holm,2011 Sep 13 : 15:02:53
http://www.archive.org/details/investigationofa00watk,2011 Sep 13 : 15:02:54
http://www.archive.org/details/investigationofd00hark,2011 Sep 13 : 15:02:56
http://www.archive.org/details/experimentalinve00tofa,2011 Sep 13 : 15:02:57
http://www.archive.org/details/effectofflexible00mack,2011 Sep 13 : 15:02:59
http://www.archive.org/details/applicationsofel00nich,2011 Sep 13 : 15:03:00
http://www.archive.org/details/educationofpetty00roby,2011 Sep 13 : 15:03:05
http://www.archive.org/details/experimentaldefl00garr,2011 Sep 13 : 15:03:06
http://www.archive.org/details/effectofdivereco00weit,2011 Sep 13 : 15:03:07
http://www.archive.org/details/effectofhighexha00kenn,2011 Sep 13 : 15:03:09
http://www.archive.org/details/preliminaryinves00lowe,2011 Sep 13 : 15:03:11
http://www.archive.org/details/flamepropagation00rice,2011 Sep 13 : 15:03:12
http://www.archive.org/details/spacerequirement00omoh,2011 Sep 13 : 15:04:14
http://www.archive.org/details/conditionsforcho00brow,2011 Sep 13 : 15:04:15
http://www.archive.org/details/integratedcircui00hage,2011 Sep 13 : 15:04:17
http://www.archive.org/details/administeringpro00pasc,2011 Sep 13 : 15:04:19
http://www.archive.org/details/navalpostgraduat00reig,2011 Sep 13 : 15:04:20
http://www.archive.org/details/calculationofent00whit,2011 Sep 13 : 15:04:22
http://www.archive.org/details/designloadsforho00fahr,2011 Sep 13 : 15:04:25
http://www.archive.org/details/speechrecognitio00lefe,2011 Sep 13 : 15:04:26
http://www.archive.org/details/criticalcomparat00mack,2011 Sep 13 : 15:04:31
http://www.archive.org/details/ionizationradiat00gord,2011 Sep 13 : 15:04:32
http://www.archive.org/details/studyofdynamicfo00wood,2011 Sep 13 : 15:04:36
http://www.archive.org/details/lowrangepowerrea00watk,2011 Sep 13 : 15:04:37
http://www.archive.org/details/efficientcomputa00leec,2011 Sep 13 : 15:04:39
http://www.archive.org/details/designforhighspe00turn,2011 Sep 13 : 15:04:40
http://www.archive.org/details/stressdistributi00teig,2011 Sep 13 : 15:04:43
http://www.archive.org/details/useofindicatordi00long,2011 Sep 13 : 15:05:43
http://www.archive.org/details/methodofinvestig00saun,2011 Sep 13 : 15:05:46
http://www.archive.org/details/analysisofnavyss00zang,2011 Sep 13 : 15:05:47
http://www.archive.org/details/implementationof00bozi,2011 Sep 13 : 15:05:48
http://www.archive.org/details/utilizationofphy00math,2011 Sep 13 : 15:05:51
http://www.archive.org/details/threedimensio00moor,2011 Sep 13 : 15:05:51
http://www.archive.org/details/investigationofs00gilk,2011 Sep 13 : 15:05:54
http://www.archive.org/details/designofelevated00manl,2011 Sep 13 : 15:05:55
http://www.archive.org/details/theoryoperationo00temp,2011 Sep 13 : 15:05:56
http://www.archive.org/details/methodofapplicat00masc,2011 Sep 13 : 15:05:58
http://www.archive.org/details/investigationofe00mann,2011 Sep 13 : 15:06:02
http://www.archive.org/details/investigationofe00ball,2011 Sep 13 : 15:06:04
http://www.archive.org/details/investigationofp00zech,2011 Sep 13 : 15:06:05
http://www.archive.org/details/studyofbaseexcha00coll,2011 Sep 13 : 15:06:07
http://www.archive.org/details/investigationofr00rour,2011 Sep 13 : 15:06:08
http://www.archive.org/details/investigationofa00mieh,2011 Sep 13 : 15:06:10
http://www.archive.org/details/impulseturbinefl00putn,2011 Sep 13 : 15:06:11
http://www.archive.org/details/studyofheattrans00dres,2011 Sep 13 : 15:06:13
http://www.archive.org/details/studyofeffectofr00bear,2011 Sep 13 : 15:06:14
http://www.archive.org/details/factorsgoverning00bask,2011 Sep 13 : 15:06:17
http://nps.edu/Research/ThesisAbst/thesisab04f.html,2011 Sep 27 : 15:19:10
http://nps.edu/Research/ThesisAbst/ThesisFall04/,2011 Sep 27 : 15:20:12
http://nps.edu/Research/ThesisAbst/ThesisFall04,2011 Sep 27 : 15:21:38
http://www.archive.org/details/gasabsorptionbya00bran,2011 Sep 30 : 13:30:43
http://www.archive.org/details/neutronagebyindi00carl,2011 Sep 30 : 13:30:44
http://www.archive.org/details/studyofevasiveac00gent,2011 Sep 30 : 13:30:44
http://www.archive.org/details/totalabsorptions00jest,2011 Sep 30 : 13:30:45
http://www.archive.org/details/propellerexcited00jenk,2011 Sep 30 : 13:30:45
http://www.archive.org/details/lowdistortiontra00jame,2011 Sep 30 : 13:30:45
http://www.archive.org/details/magneticmodulato00howe,2011 Sep 30 : 13:30:46
http://www.archive.org/details/effectofradiatio00hopk,2011 Sep 30 : 13:30:46
http://www.archive.org/details/cathodeinterface00holm,2011 Sep 30 : 13:30:46
http://www.archive.org/details/photoelasticstud00holm,2011 Sep 30 : 13:30:47
http://www.archive.org/details/exogenousendogen00hipp,2011 Sep 30 : 13:30:47
http://www.archive.org/details/pointemitteraspo00herr,2011 Sep 30 : 13:30:47
http://www.archive.org/details/couplingtransiti00henn,2011 Sep 30 : 13:30:47
http://www.archive.org/details/voltageregulatio00auge,2011 Sep 30 : 13:30:48
http://www.archive.org/details/preliminarytesti00bail,2011 Sep 30 : 13:30:48
http://www.archive.org/details/effectofthinmeta00ande,2011 Sep 30 : 13:30:48
http://www.archive.org/details/studyofoptimumga00hend,2011 Sep 30 : 13:30:49
http://www.archive.org/details/educationrecruit00hemm,2011 Sep 30 : 13:30:49
http://www.archive.org/details/studyofeffectofv00heid,2011 Sep 30 : 13:30:49
http://www.archive.org/details/analysisdesignof00grem,2011 Sep 30 : 13:30:50
http://www.archive.org/details/barkhausenkurzos00hase,2011 Sep 30 : 13:30:50
http://www.archive.org/details/highenergyinduce00hart,2011 Sep 30 : 13:30:50
http://www.archive.org/details/transversefieldf00alde,2011 Sep 30 : 13:30:50
http://www.archive.org/details/experimentalinve00ahea,2011 Sep 30 : 13:30:51
http://www.archive.org/details/transistorsinewa00gree,2011 Sep 30 : 13:30:51
http://www.archive.org/details/mutualimpedanceb00goke,2011 Sep 30 : 13:30:51
http://www.archive.org/details/behaviorofwidepl00gauc,2011 Sep 30 : 13:30:51
http://www.archive.org/details/relationshipbetw00gate,2011 Sep 30 : 13:30:52
http://www.archive.org/details/analyticdevelopm00frit,2011 Sep 30 : 13:30:52
http://www.archive.org/details/automaticimpedan00fenw,2011 Sep 30 : 13:30:52
http://www.archive.org/details/liftcoefficiento00fars,2011 Sep 30 : 13:30:53
http://www.archive.org/details/designofwindtunn00farn,2011 Sep 30 : 13:30:53
http://www.archive.org/details/interactionbetwe00farm,2011 Sep 30 : 13:30:53
http://www.archive.org/details/equipmentforprod00fade,2011 Sep 30 : 13:30:54
http://www.archive.org/details/investigationint00eman,2011 Sep 30 : 13:30:54
http://www.archive.org/details/developmentoftec00elli,2011 Sep 30 : 13:30:55
http://www.archive.org/details/storagetubeasele00edwa,2011 Sep 30 : 13:30:55
http://www.archive.org/details/dynamicrepresent00duin,2011 Sep 30 : 13:30:55
http://www.archive.org/details/leadingedgeretra00doss,2011 Sep 30 : 13:30:55
http://www.archive.org/details/liquidhydrogenbu00ditt,2011 Sep 30 : 13:30:56
http://www.archive.org/details/investigationint00dene,2011 Sep 30 : 13:30:56
http://www.archive.org/details/interpretationof00crut,2011 Sep 30 : 13:30:56
http://www.archive.org/details/mapcodifications00coxj,2011 Sep 30 : 13:30:57
http://www.archive.org/details/pulsedeltamodula00cowa,2011 Sep 30 : 13:30:57
http://www.archive.org/details/investigationoff00cout,2011 Sep 30 : 13:30:57
http://www.archive.org/details/widebandperforma00coun,2011 Sep 30 : 13:30:57
http://www.archive.org/details/experimentsinnuc00corn,2011 Sep 30 : 13:30:58
http://www.archive.org/details/discussionofvari00alex,2011 Sep 30 : 13:30:58
http://www.archive.org/details/operationevaluat00cope,2011 Sep 30 : 13:30:58
http://www.archive.org/details/effectofcentrifu00conn,2011 Sep 30 : 13:30:58
http://www.archive.org/details/systemforproduci00clar,2011 Sep 30 : 13:30:59
http://www.archive.org/details/angulardistribut00cobb,2011 Sep 30 : 13:30:59
http://www.archive.org/details/engineeringstudy00conn,2011 Sep 30 : 13:30:59
http://www.archive.org/details/studyofhighenerg00chri,2011 Sep 30 : 13:30:59
http://www.archive.org/details/investigationofe00cart,2011 Sep 30 : 13:31:00
http://www.archive.org/details/designofstriptra00butl,2011 Sep 30 : 13:31:00
http://www.archive.org/details/effectofbladecoo00bute,2011 Sep 30 : 13:31:00
http://www.archive.org/details/evaluationofdamp00brow,2011 Sep 30 : 13:31:00
http://www.archive.org/details/automaticgaincon00brya,2011 Sep 30 : 13:31:04
http://www.archive.org/details/sonicinvestigati00buck,2011 Sep 30 : 13:31:05
http://www.archive.org/details/photoelasticstud00burk,2011 Sep 30 : 13:31:05
http://www.archive.org/details/effectofnonsinus00buse,2011 Sep 30 : 13:31:05
http://www.archive.org/details/adaptionoffreepr00baco,2011 Sep 30 : 13:31:05
http://www.archive.org/details/opensleevebroadb00bark,2011 Sep 30 : 13:31:06
http://www.archive.org/details/naturalfrequenci00badi,2011 Sep 30 : 13:31:06
http://www.archive.org/details/delaylinemanufac00bend,2011 Sep 30 : 13:31:06
http://www.archive.org/details/behaviorofwaterm00boot,2011 Sep 30 : 13:31:06
http://www.archive.org/details/emissivityofhydr00bent,2011 Sep 30 : 13:31:07
http://www.archive.org/details/photometricmeasu00bake,2011 Sep 30 : 13:31:07
http://www.archive.org/details/bparameterincree00bell,2011 Sep 30 : 13:31:07
http://www.archive.org/details/magneticcoresthe00blyt,2011 Sep 30 : 13:31:08
http://www.archive.org/details/investigationatl00bird,2011 Sep 30 : 13:31:08
http://www.archive.org/details/invarianceprinci00bill,2011 Sep 30 : 13:31:08
http://www.archive.org/details/adaptationofpres00snow,2011 Sep 30 : 13:31:10
http://www.archive.org/details/theoreticalexper00mcni,2011 Sep 30 : 13:31:12
http://www.archive.org/details/movementsoftroug00basq,2011 Sep 30 : 13:31:14
http://www.archive.org/details/surveyofindustri00wils,2011 Sep 30 : 13:31:15
http://www.archive.org/details/surfacetemperatu00arno,2011 Sep 30 : 13:31:16
http://www.archive.org/details/studyofcatalytic00reed,2011 Sep 30 : 13:31:17
http://www.archive.org/details/evaluationofcont00brad,2011 Sep 30 : 13:31:18
http://www.archive.org/details/aircoolingofslot00rasm,2011 Sep 30 : 13:31:19
http://www.archive.org/details/analysisofshoref00spar,2011 Sep 30 : 13:31:20
http://www.archive.org/details/effectofinitiald00hask,2011 Sep 30 : 13:31:22
http://www.archive.org/details/activationenergi00ritt,2011 Sep 30 : 13:31:24
http://www.archive.org/details/effectoftemperat00robi,2011 Sep 30 : 13:31:24
http://www.archive.org/details/heattransfercoef00fish,2011 Sep 30 : 13:31:25
http://www.archive.org/details/variationofburni00pard,2011 Sep 30 : 13:31:26
http://www.archive.org/details/onedimensionalan00boot,2011 Sep 30 : 13:31:28
http://www.archive.org/details/analysisofsurfac00jone,2011 Sep 30 : 13:31:30
http://www.archive.org/details/studyofidentific00clin,2011 Sep 30 : 13:31:33
http://www.archive.org/details/effectoftemperat00lind,2011 Sep 30 : 13:31:34
http://www.archive.org/details/designofcombined00gilm,2011 Sep 30 : 13:31:35
http://www.archive.org/details/gammaraydosimetr00pres,2011 Sep 30 : 13:31:36
http://www.archive.org/details/investigationofa00polk,2011 Sep 30 : 13:31:36
http://www.archive.org/details/studyofradioacti00mcma,2011 Sep 30 : 13:31:36
http://www.archive.org/details/useofradioactive00mcle,2011 Sep 30 : 13:31:36
http://www.archive.org/details/statisticalstudy00step,2011 Sep 30 : 13:31:37
http://www.archive.org/details/effectofhandwhee00vian,2011 Sep 30 : 13:31:38
http://www.archive.org/details/reportofindustri00vess,2011 Sep 30 : 13:31:39
http://www.archive.org/details/classificationof00souz,2011 Sep 30 : 13:31:40
http://www.archive.org/details/experimentalanal00thoe,2011 Sep 30 : 13:31:42
http://www.archive.org/details/experimentalanal00robi,2011 Sep 30 : 13:31:43
http://www.archive.org/details/effectofgrainsiz00vica,2011 Sep 30 : 13:31:44
http://www.archive.org/details/proposalforuseof00rich,2011 Sep 30 : 13:31:46
http://www.archive.org/details/evaluationofmeri00ritt,2011 Sep 30 : 13:31:48
http://www.archive.org/details/energytransforma00hutc,2011 Sep 30 : 13:31:49
http://www.archive.org/details/investigationofs00lach,2011 Sep 30 : 13:31:50
http://www.archive.org/details/graphechonstorag00hine,2011 Sep 30 : 13:31:51
http://www.archive.org/details/microwavebridges00hudg,2011 Sep 30 : 13:31:53
http://www.archive.org/details/checklistforther00kirk,2011 Sep 30 : 13:31:54
http://www.archive.org/details/studyofpressurec00kana,2011 Sep 30 : 13:31:55
http://www.archive.org/details/identificationof00hosk,2011 Sep 30 : 13:31:57
http://www.archive.org/details/investigationofe00kalo,2011 Sep 30 : 13:31:58
http://www.archive.org/details/analysisofsomedi00isch,2011 Sep 30 : 13:32:00
http://www.archive.org/details/temperaturedistr00stau,2011 Sep 30 : 13:32:02
http://www.archive.org/details/dynamicsoflongwa00stic,2011 Sep 30 : 13:32:03
http://www.archive.org/details/roleplayingaslea00swee,2011 Sep 30 : 13:32:05
http://www.archive.org/details/verificationsyst00wolf,2011 Sep 30 : 13:32:06
http://www.archive.org/details/networksynthesis00rodm,2011 Sep 30 : 13:32:07
http://www.archive.org/details/objectivestudyof00wyat,2011 Sep 30 : 13:32:08
http://www.archive.org/details/mechanicalvibrat00appe,2011 Sep 30 : 13:32:09
http://www.archive.org/details/detonationofsoli00zimm,2011 Sep 30 : 13:32:10
http://www.archive.org/details/effectofvibratio00schr,2011 Sep 30 : 13:32:11
http://www.archive.org/details/determinzationof00livi,2011 Sep 30 : 13:32:12
http://www.archive.org/details/experimentalstud00wals,2011 Sep 30 : 13:32:13
http://www.archive.org/details/eighteenchannelp00kemp,2011 Sep 30 : 13:32:15
http://www.archive.org/details/developmentofexp00laro,2011 Sep 30 : 13:32:16
http://www.archive.org/details/magneticamplifie00tich,2011 Sep 30 : 13:32:17
http://www.archive.org/details/quasistaticstabi00berg,2011 Sep 30 : 13:32:19
http://www.archive.org/details/phasesensitivese00seeg,2011 Sep 30 : 13:32:20
http://www.archive.org/details/investigationofc00swif,2011 Sep 30 : 13:32:21
http://www.archive.org/details/nuclearmagneticm00biar,2011 Sep 30 : 13:32:23
http://www.archive.org/details/compandordesign00crid,2011 Sep 30 : 13:32:24
http://www.archive.org/details/nuclearmagneticm00biar,2011 Sep 30 : 13:32:25
http://www.archive.org/details/physicalbasisfor00carr,2011 Sep 30 : 13:32:25
http://www.archive.org/details/physicalbasisfor00carr,2011 Sep 30 : 13:32:25
http://www.archive.org/details/frequencystabili00vand,2011 Sep 30 : 13:32:26
http://www.archive.org/details/frequencystabili00vand,2011 Sep 30 : 13:32:26
http://www.archive.org/details/applicationsofph00carr,2011 Sep 30 : 13:32:27
http://www.archive.org/details/applicationsofph00carr,2011 Sep 30 : 13:32:27
http://www.archive.org/details/useofsamplingfee00fern,2011 Sep 30 : 13:32:28
http://www.archive.org/details/useofsamplingfee00fern,2011 Sep 30 : 13:32:28
http://www.archive.org/details/schragemachineas00blai,2011 Sep 30 : 13:32:29
http://www.archive.org/details/schragemachineas00blai,2011 Sep 30 : 13:32:29
http://www.archive.org/details/studyofeffectsof00blan,2011 Sep 30 : 13:32:31
http://www.archive.org/details/studyofeffectsof00blan,2011 Sep 30 : 13:32:31
http://www.archive.org/details/doublebalancedbi00club,2011 Sep 30 : 13:32:32
http://www.archive.org/details/doublebalancedbi00club,2011 Sep 30 : 13:32:32
http://www.archive.org/details/initialmotionofr00wein,2011 Sep 30 : 13:32:33
http://www.archive.org/details/initialmotionofr00wein,2011 Sep 30 : 13:32:33
http://www.archive.org/details/electronicanalog00hans,2011 Sep 30 : 13:32:34
http://www.archive.org/details/electronicanalog00hans,2011 Sep 30 : 13:32:34
http://www.archive.org/details/transientthermal00teep,2011 Sep 30 : 13:32:35
http://www.archive.org/details/transientthermal00teep,2011 Sep 30 : 13:32:35
http://www.archive.org/details/studyofeffectofa00andr,2011 Sep 30 : 13:32:37
http://www.archive.org/details/studyofeffectofa00andr,2011 Sep 30 : 13:32:37
http://www.archive.org/details/thermodynamiccha00swid,2011 Sep 30 : 13:32:38
http://www.archive.org/details/thermodynamiccha00swid,2011 Sep 30 : 13:32:38
http://www.archive.org/details/studyofphasemeas00laur,2011 Sep 30 : 13:32:39
http://www.archive.org/details/studyofphasemeas00laur,2011 Sep 30 : 13:32:39
http://www.archive.org/details/studyofproblemsi00juli,2011 Sep 30 : 13:32:42
http://www.archive.org/details/studyofproblemsi00juli,2011 Sep 30 : 13:32:42
http://www.archive.org/details/determinationofl00sald,2011 Sep 30 : 13:32:43
http://www.archive.org/details/determinationofl00sald,2011 Sep 30 : 13:32:43
http://www.archive.org/details/differentialther00harp,2011 Sep 30 : 13:32:45
http://www.archive.org/details/differentialther00harp,2011 Sep 30 : 13:32:45
http://www.archive.org/details/samplingtechniqu00kosi,2011 Sep 30 : 13:32:46
http://www.archive.org/details/samplingtechniqu00kosi,2011 Sep 30 : 13:32:46
http://www.archive.org/details/studyofeffectofs00span,2011 Sep 30 : 13:32:47
http://www.archive.org/details/studyofeffectofs00span,2011 Sep 30 : 13:32:48
http://www.archive.org/details/stressesinpipeel00lebe,2011 Sep 30 : 13:32:49
http://www.archive.org/details/stressesinpipeel00lebe,2011 Sep 30 : 13:32:49
http://www.archive.org/details/designoperationo00welc,2011 Sep 30 : 13:32:50
http://www.archive.org/details/designoperationo00welc,2011 Sep 30 : 13:32:51
http://www.archive.org/details/analysisofinclin00welc,2011 Sep 30 : 13:32:52
http://www.archive.org/details/analysisofinclin00welc,2011 Sep 30 : 13:32:52
http://www.archive.org/details/developmentofvan00cush,2011 Sep 30 : 13:32:54
http://www.archive.org/details/developmentofvan00cush,2011 Sep 30 : 13:32:54
http://www.archive.org/details/torsionalrelaxat00edel,2011 Sep 30 : 13:32:55
http://www.archive.org/details/torsionalrelaxat00edel,2011 Sep 30 : 13:32:55
http://www.archive.org/details/electronicanalog00burk,2011 Sep 30 : 13:32:56
http://www.archive.org/details/electronicanalog00burk,2011 Sep 30 : 13:32:57
http://www.archive.org/details/effectofsurfaceo00edel,2011 Sep 30 : 13:32:57
http://www.archive.org/details/effectofsurfaceo00edel,2011 Sep 30 : 13:32:57
http://www.archive.org/details/effectofvariatio00bagb,2011 Sep 30 : 13:32:59
http://www.archive.org/details/effectofvariatio00bagb,2011 Sep 30 : 13:32:59
http://www.archive.org/details/theoreticaldesig00squi,2011 Sep 30 : 13:33:00
http://www.archive.org/details/theoreticaldesig00squi,2011 Sep 30 : 13:33:00
http://www.archive.org/details/relationbetweena00stri,2011 Sep 30 : 13:33:01
http://www.archive.org/details/relationbetweena00stri,2011 Sep 30 : 13:33:01
http://www.archive.org/details/investigationofd00gear,2011 Sep 30 : 13:33:03
http://www.archive.org/details/investigationofd00gear,2011 Sep 30 : 13:33:03
http://www.archive.org/details/experimentalheat00dela,2011 Sep 30 : 13:33:04
http://www.archive.org/details/experimentalheat00dela,2011 Sep 30 : 13:33:04
http://www.archive.org/details/magneticdirectcu00jami,2011 Sep 30 : 13:33:06
http://www.archive.org/details/magneticdirectcu00jami,2011 Sep 30 : 13:33:06
http://www.archive.org/details/experimentalstud00curr,2011 Sep 30 : 13:33:07
http://www.archive.org/details/experimentalstud00curr,2011 Sep 30 : 13:33:07
http://www.archive.org/details/measurementsofga00whit,2011 Sep 30 : 13:33:09
http://www.archive.org/details/measurementsofga00whit,2011 Sep 30 : 13:33:09
http://www.archive.org/details/freepistongasgen00welg,2011 Sep 30 : 13:33:11
http://www.archive.org/details/freepistongasgen00welg,2011 Sep 30 : 13:33:11
http://www.archive.org/details/motionpicturesin00step,2011 Sep 30 : 13:33:13
http://www.archive.org/details/descriptivepsych00snyd,2011 Sep 30 : 13:33:16
http://www.archive.org/details/studyofunitedsta00bang,2011 Sep 30 : 13:33:17
http://www.archive.org/details/studyofrelations00will,2011 Sep 30 : 13:33:19
http://www.archive.org/details/preparationofsup00glen,2011 Sep 30 : 13:33:20
http://www.archive.org/details/applicationofmag00davi,2011 Sep 30 : 13:33:21
http://www.archive.org/details/dosagemeasuremen00carr,2011 Sep 30 : 13:33:23
http://www.archive.org/details/effectofnonlinea00bowe,2011 Sep 30 : 13:33:24
http://www.archive.org/details/onexistenceofnot00leeh,2011 Sep 30 : 13:33:28
http://www.archive.org/details/ondesignofrhombi00heen,2011 Sep 30 : 13:33:29
http://www.archive.org/details/travelingwaveamp00cutc,2011 Sep 30 : 13:33:32
http://www.archive.org/details/approximatemetho00holm,2011 Sep 30 : 13:33:34
http://www.archive.org/details/effectsofdegreeo00hens,2011 Sep 30 : 13:33:35
http://www.archive.org/details/experimentaltran00walk,2011 Sep 30 : 13:33:37
http://www.archive.org/details/studyofeffectsof00fitz,2011 Sep 30 : 13:33:38
http://www.archive.org/details/investigationofe00vann,2011 Sep 30 : 13:33:40
http://www.archive.org/details/administrationof00wilh,2011 Sep 30 : 13:33:42
http://www.archive.org/details/transistorcircui00ewal,2011 Sep 30 : 13:33:43
http://www.archive.org/details/singlesidebandtr00elli,2011 Sep 30 : 13:33:44
http://www.archive.org/details/calculationmeasu00doug,2011 Sep 30 : 13:33:46
http://www.archive.org/details/automaticelectri00gill,2011 Sep 30 : 13:33:47
http://www.archive.org/details/prospectiveunito00wing,2011 Sep 30 : 13:33:48
http://www.archive.org/details/effectsofairfram00hobl,2011 Sep 30 : 13:33:50
http://www.archive.org/details/spectroscopicstu00elli,2011 Sep 30 : 13:33:51
http://www.archive.org/details/radionuclidesofa00watt,2011 Sep 30 : 13:33:52
http://www.archive.org/details/effectofentraine00pric,2011 Sep 30 : 13:33:53
http://www.archive.org/details/useofisentropica00seay,2011 Sep 30 : 13:33:55
http://www.archive.org/details/noteonpreparatio00schw,2011 Sep 30 : 13:33:56
http://www.archive.org/details/effectofbobweigh00smit,2011 Sep 30 : 13:33:57
http://www.archive.org/details/investigationofv00roge,2011 Sep 30 : 13:33:58
http://www.archive.org/details/multiplextransmi00rose,2011 Sep 30 : 13:34:00
http://www.archive.org/details/correlationoffat00kane,2011 Sep 30 : 13:34:01
http://www.archive.org/details/feedbackservosta00saxo,2011 Sep 30 : 13:34:02
http://www.archive.org/details/boundarylayertem00mack,2011 Sep 30 : 13:34:03
http://www.archive.org/details/transistorsinnon00reif,2011 Sep 30 : 13:34:04
http://www.archive.org/details/studyof500mbmean00lout,2011 Sep 30 : 13:34:05
http://www.archive.org/details/investigationofe00schw,2011 Sep 30 : 13:34:07
http://www.archive.org/details/effectofsmallhol00karl,2011 Sep 30 : 13:34:08
http://www.archive.org/details/investigationofc00shar,2011 Sep 30 : 13:34:09
http://www.archive.org/details/motionpicturesin00step,2011 Sep 30 : 13:34:11
http://www.archive.org/details/investigationofr00watt,2011 Sep 30 : 13:34:11
http://www.archive.org/details/investigationofu00lind,2011 Sep 30 : 13:34:12
http://www.archive.org/details/investigationofr00watt,2011 Sep 30 : 13:34:13
http://www.archive.org/details/studyofheightten00hube,2011 Sep 30 : 13:34:13
http://www.archive.org/details/studyofheightten00hube,2011 Sep 30 : 13:34:14
http://www.archive.org/details/foldedstriplineo00sals,2011 Sep 30 : 13:34:15
http://www.archive.org/details/foldedstriplineo00sals,2011 Sep 30 : 13:34:15
http://www.archive.org/details/evaluationofprod00hart,2011 Sep 30 : 13:34:17
http://www.archive.org/details/evaluationofprod00hart,2011 Sep 30 : 13:34:17
http://www.archive.org/details/methodsofgenerat00hanc,2011 Sep 30 : 13:34:18
http://www.archive.org/details/methodsofgenerat00hanc,2011 Sep 30 : 13:34:18
http://www.archive.org/details/determinationofl00schu,2011 Sep 30 : 13:34:20
http://www.archive.org/details/determinationofl00schu,2011 Sep 30 : 13:34:20
http://www.archive.org/details/relationofscaven00hout,2011 Sep 30 : 13:34:22
http://www.archive.org/details/relationofscaven00hout,2011 Sep 30 : 13:34:22
http://www.archive.org/details/studyofstressrea00hill,2011 Sep 30 : 13:34:23
http://www.archive.org/details/studyofstressrea00hill,2011 Sep 30 : 13:34:23
http://www.archive.org/details/comparisonofjeta00ston,2011 Sep 30 : 13:34:24
http://www.archive.org/details/comparisonofjeta00ston,2011 Sep 30 : 13:34:24
http://www.archive.org/details/stressesnearhole00maye,2011 Sep 30 : 13:34:25
http://www.archive.org/details/stressesnearhole00maye,2011 Sep 30 : 13:34:25
http://www.archive.org/details/correlationoffat00shep,2011 Sep 30 : 13:34:26
http://www.archive.org/details/correlationoffat00shep,2011 Sep 30 : 13:34:26
http://www.archive.org/details/effectivenessofw00libb,2011 Sep 30 : 13:34:28
http://www.archive.org/details/effectivenessofw00libb,2011 Sep 30 : 13:34:28
http://www.archive.org/details/selectionofcandi00will,2011 Sep 30 : 13:34:29
http://www.archive.org/details/selectionofcandi00will,2011 Sep 30 : 13:34:30
http://www.archive.org/details/antennaefficienc00fann,2011 Sep 30 : 13:34:31
http://www.archive.org/details/antennaefficienc00fann,2011 Sep 30 : 13:34:31
http://www.archive.org/details/designtestofdyna00hamm,2011 Sep 30 : 13:34:33
http://www.archive.org/details/designtestofdyna00hamm,2011 Sep 30 : 13:34:33
http://www.archive.org/details/comparisonofreti00hauc,2011 Sep 30 : 13:34:35
http://www.archive.org/details/comparisonofreti00hauc,2011 Sep 30 : 13:34:35
http://www.archive.org/details/investigationofv00smit,2011 Sep 30 : 13:34:36
http://www.archive.org/details/investigationofv00smit,2011 Sep 30 : 13:34:36
http://www.archive.org/details/accompensationof00arth,2011 Sep 30 : 13:34:37
http://www.archive.org/details/accompensationof00arth,2011 Sep 30 : 13:34:37
http://www.archive.org/details/pumpabilityofair00brid,2011 Sep 30 : 13:34:38
http://www.archive.org/details/pumpabilityofair00brid,2011 Sep 30 : 13:34:38
http://www.archive.org/details/studyofpulsedelt00arms,2011 Sep 30 : 13:34:39
http://www.archive.org/details/studyofpulsedelt00arms,2011 Sep 30 : 13:34:39
http://www.archive.org/details/methodforcompari00burn,2011 Sep 30 : 13:34:40
http://www.archive.org/details/methodforcompari00burn,2011 Sep 30 : 13:34:40
http://www.archive.org/details/analysisofhumant00carl,2011 Sep 30 : 13:34:42
http://www.archive.org/details/analysisofhumant00carl,2011 Sep 30 : 13:34:42
http://www.archive.org/details/hyperbolicautona00thor,2011 Sep 30 : 13:34:44
http://www.archive.org/details/hyperbolicautona00thor,2011 Sep 30 : 13:34:44
http://www.archive.org/details/evaluationofprop00butt,2011 Sep 30 : 13:34:45
http://www.archive.org/details/evaluationofprop00butt,2011 Sep 30 : 13:34:45
http://www.archive.org/details/mechanicalvibrat00brid,2011 Sep 30 : 13:34:45
http://www.archive.org/details/mechanicalvibrat00brid,2011 Sep 30 : 13:34:46
http://www.archive.org/details/earthsfieldmagne00bowe,2011 Sep 30 : 13:34:47
http://www.archive.org/details/earthsfieldmagne00bowe,2011 Sep 30 : 13:34:47
http://www.archive.org/details/tracksofnuclearp00dela,2011 Sep 30 : 13:34:48
http://www.archive.org/details/tracksofnuclearp00dela,2011 Sep 30 : 13:34:49
http://www.archive.org/details/frequencyshiftke00burr,2011 Sep 30 : 13:34:50
http://www.archive.org/details/frequencyshiftke00burr,2011 Sep 30 : 13:34:50
http://www.archive.org/details/studyofblastload00fran,2011 Sep 30 : 13:34:51
http://www.archive.org/details/studyofblastload00fran,2011 Sep 30 : 13:34:51
http://www.archive.org/details/effectsofhighfre00cart,2011 Sep 30 : 13:34:52
http://www.archive.org/details/effectsofhighfre00cart,2011 Sep 30 : 13:34:52
http://www.archive.org/details/verticalmotionst00laca,2011 Sep 30 : 13:34:53
http://www.archive.org/details/verticalmotionst00laca,2011 Sep 30 : 13:34:53
http://www.archive.org/details/methodofpredicti00tayl,2011 Sep 30 : 13:34:55
http://www.archive.org/details/methodofpredicti00tayl,2011 Sep 30 : 13:34:55
http://www.archive.org/details/frictionofthinfi00broo,2011 Sep 30 : 13:34:56
http://www.archive.org/details/frictionofthinfi00broo,2011 Sep 30 : 13:34:56
http://www.archive.org/details/magneticdrumsurf00foss,2011 Sep 30 : 13:34:57
http://www.archive.org/details/magneticdrumsurf00foss,2011 Sep 30 : 13:34:57
http://www.archive.org/details/studyofinfrareds00aldr,2011 Sep 30 : 13:34:58
http://www.archive.org/details/studyofinfrareds00aldr,2011 Sep 30 : 13:34:58
http://www.archive.org/details/elasticbehavioro00coyl,2011 Sep 30 : 13:35:00
http://www.archive.org/details/elasticbehavioro00coyl,2011 Sep 30 : 13:35:00
http://www.archive.org/details/investigationofe00ulri,2011 Sep 30 : 13:35:02
http://www.archive.org/details/investigationofe00ulri,2011 Sep 30 : 13:35:02
http://www.archive.org/details/shorttimecompres00that,2011 Sep 30 : 13:35:03
http://www.archive.org/details/shorttimecompres00that,2011 Sep 30 : 13:35:03
http://www.archive.org/details/constructionprel00carp,2011 Sep 30 : 13:35:05
http://www.archive.org/details/constructionprel00carp,2011 Sep 30 : 13:35:05
http://www.archive.org/details/simulatedsituati00scho,2011 Sep 30 : 13:35:06
http://www.archive.org/details/simulatedsituati00scho,2011 Sep 30 : 13:35:06
http://www.archive.org/details/brushwearathigha00colu,2011 Sep 30 : 13:35:07
http://www.archive.org/details/variationofburni00char,2011 Sep 30 : 13:35:08
http://www.archive.org/details/surveyofdutiesas00snod,2011 Sep 30 : 13:35:11
http://www.archive.org/details/perturbedgammaga00daub,2011 Sep 30 : 13:35:13
http://www.archive.org/details/instantaneousacv00cook,2011 Sep 30 : 13:35:15
http://www.archive.org/details/analyticaldesign00verd,2011 Sep 30 : 13:35:17
http://www.archive.org/details/studyofeffectofv00barn,2011 Sep 30 : 13:35:18
http://www.archive.org/details/studyofeffectofe00smit,2011 Sep 30 : 13:35:20
http://www.archive.org/details/investigationofm00shul,2011 Sep 30 : 13:35:23
http://www.archive.org/details/automaticvoltage00clar,2011 Sep 30 : 13:35:25
http://www.archive.org/details/developmentofcur00cast,2011 Sep 30 : 13:35:29
http://www.archive.org/details/studyanalysisofd00adam,2011 Sep 30 : 13:35:34
http://www.archive.org/details/applicationofbar00drye,2011 Sep 30 : 13:35:35
http://www.archive.org/details/effectsofmagneti00chir,2011 Sep 30 : 13:35:36
http://www.archive.org/details/investigationofe00clar,2011 Sep 30 : 13:35:37
http://www.archive.org/details/energylevelsinco00fogl,2011 Sep 30 : 13:35:39
http://www.archive.org/details/determinationoft00dona,2011 Sep 30 : 13:35:40
http://www.archive.org/details/investigationofa00drea,2011 Sep 30 : 13:35:42
http://www.archive.org/details/effectofionicexc00coop,2011 Sep 30 : 13:35:43
http://www.archive.org/details/constructionasse00dick,2011 Sep 30 : 13:35:45
http://www.archive.org/details/someexperimentsi00gate,2011 Sep 30 : 13:35:46
http://www.archive.org/details/leastsquaressmoo00fisc,2011 Sep 30 : 13:35:48
http://www.archive.org/details/pulsetestingofsy00copp,2011 Sep 30 : 13:35:49
http://www.archive.org/details/impactpressureto00grav,2011 Sep 30 : 13:35:51
http://www.archive.org/details/correlationanaly00glas,2011 Sep 30 : 13:35:53
http://www.archive.org/details/effectoftemperat00chal,2011 Sep 30 : 13:35:55
http://www.archive.org/details/experimentalinve00demy,2011 Sep 30 : 13:35:57
http://www.archive.org/details/waterboilerreact00gibs,2011 Sep 30 : 13:35:59
http://www.archive.org/details/analyiticalcompa00gibb,2011 Sep 30 : 13:36:02
http://www.archive.org/details/waveanalyzerempl00hale,2011 Sep 30 : 13:36:05
http://www.archive.org/details/selfsaturatingma00wild,2011 Sep 30 : 13:36:07
http://www.archive.org/details/analogmultiplier00ball,2011 Sep 30 : 13:36:08
http://www.archive.org/details/relationbetweenh00morr,2011 Sep 30 : 13:36:09
http://www.archive.org/details/studyofeffectofb00mert,2011 Sep 30 : 13:36:11
http://www.archive.org/details/operationsanalys00rose,2011 Sep 30 : 13:36:12
http://www.archive.org/details/thermaltheoryofl00mile,2011 Sep 30 : 13:36:13
http://www.archive.org/details/economiceffectof00roml,2011 Sep 30 : 13:36:14
http://www.archive.org/details/stressdistributi00pric,2011 Sep 30 : 13:36:16
http://www.archive.org/details/torsionofcircula00rees,2011 Sep 30 : 13:36:17
http://www.archive.org/details/basepressurestat00hark,2011 Sep 30 : 13:36:18
http://www.archive.org/details/luneberglensesfo00hann,2011 Sep 30 : 13:36:19
http://www.archive.org/details/lowdriftintegrat00port,2011 Sep 30 : 13:36:20
http://www.archive.org/details/investigationofe00rhee,2011 Sep 30 : 13:36:21
http://www.archive.org/details/studyofinterrela00heis,2011 Sep 30 : 13:36:22
http://www.archive.org/details/studyofconstanta00carl,2011 Sep 30 : 13:36:23
http://www.archive.org/details/correlationoftra00mein,2011 Sep 30 : 13:36:24
http://www.archive.org/details/criticalappraisa00mcco,2011 Sep 30 : 13:36:26
http://www.archive.org/details/effectsofslotted00roch,2011 Sep 30 : 13:36:27
http://www.archive.org/details/studyofflowofbul00rees,2011 Sep 30 : 13:36:29
http://www.archive.org/details/investigationofs00bolg,2011 Sep 30 : 13:36:30
http://www.archive.org/details/investigationofe00hutc,2011 Sep 30 : 13:36:32
http://www.archive.org/details/theorydesignofco00hink,2011 Sep 30 : 13:36:33
http://www.archive.org/details/variationofreste00will,2011 Sep 30 : 13:36:34
http://www.archive.org/details/investigationofe00blai,2011 Sep 30 : 13:36:36
http://www.archive.org/details/impactpressureto00quie,2011 Sep 30 : 13:36:39
http://www.archive.org/details/generationoffreq00neal,2011 Sep 30 : 13:36:41
http://www.archive.org/details/torsionalfourier00west,2011 Sep 30 : 13:36:41
http://www.archive.org/details/experimentsonrel00mull,2011 Sep 30 : 13:36:43
http://www.archive.org/details/influenceoffound00hamm,2011 Sep 30 : 13:36:45
http://www.archive.org/details/effectofvibratio00gros,2011 Sep 30 : 13:36:46
http://www.archive.org/details/encodersfordelta00irvi,2011 Sep 30 : 13:36:47
http://www.archive.org/details/investigationofi00pirk,2011 Sep 30 : 13:36:48
http://www.archive.org/details/methodofoptimizi00benn,2011 Sep 30 : 13:36:49
http://www.archive.org/details/determinationofa00cool,2011 Sep 30 : 13:36:51
http://www.archive.org/details/studyofpensionpl00mccl,2011 Sep 30 : 13:36:52
http://www.archive.org/details/appraisalofappre00arms,2011 Sep 30 : 13:36:54
http://www.archive.org/details/broadbandbidirec00eids,2011 Sep 30 : 13:36:56
http://www.archive.org/details/studyofeffectofv00lynn,2011 Sep 30 : 13:36:57
http://www.archive.org/details/informationtheor00hath,2011 Sep 30 : 13:36:58
http://www.archive.org/details/studyofsoilprope00koon,2011 Sep 30 : 13:36:59
http://www.archive.org/details/recentadvancesin00shee,2011 Sep 30 : 13:37:00
http://www.archive.org/details/interpretativean00thom,2011 Sep 30 : 13:37:02
http://www.archive.org/details/experimentalinve00vong,2011 Sep 30 : 13:37:03
http://www.archive.org/details/analysisofsomema00shaf,2011 Sep 30 : 13:37:05
http://www.archive.org/details/analysisofoverst00ward,2011 Sep 30 : 13:37:06
http://www.archive.org/details/programmingfordi00goul,2011 Sep 30 : 13:37:07
http://www.archive.org/details/meritratingoffed00weid,2011 Sep 30 : 13:37:09
http://www.archive.org/details/studyofeffectsof00riss,2011 Sep 30 : 13:37:10
http://www.archive.org/details/operationsanalys00sigu,2011 Sep 30 : 13:37:11
http://www.archive.org/details/statisticalanaly00wads,2011 Sep 30 : 13:37:13
http://www.archive.org/details/burningofsingled00perk,2011 Sep 30 : 13:37:14
http://www.archive.org/details/permanentmagneta00aitk,2011 Sep 30 : 13:37:16
http://www.archive.org/details/investigationofe00tigh,2011 Sep 30 : 13:37:18
http://www.archive.org/details/evaluationofcorr00ande,2011 Sep 30 : 13:37:19
http://www.archive.org/details/applicationofene00stew,2011 Sep 30 : 13:37:20
http://www.archive.org/details/vibrationalrelax00penn,2011 Sep 30 : 13:37:21
http://www.archive.org/details/investigationofr00heml,2011 Sep 30 : 13:37:22
http://www.archive.org/details/experimentalinve00welc,2011 Sep 30 : 13:37:24
http://www.archive.org/details/specialproblemse00stam,2011 Sep 30 : 13:37:26
http://www.archive.org/details/submarinefiringp00tuck,2011 Sep 30 : 13:37:27
http://www.archive.org/details/studyofeffectofv00step,2011 Sep 30 : 13:37:29
http://www.archive.org/details/swimmingpoolnucl00radc,2011 Sep 30 : 13:37:30
http://www.archive.org/details/navynavalpetrole00love,2011 Sep 30 : 13:37:32
http://www.archive.org/details/applicationofque00ripp,2011 Sep 30 : 13:37:33
http://www.archive.org/details/precipitationnoi00slez,2011 Sep 30 : 13:37:34
http://www.archive.org/details/designperformanc00mill,2011 Sep 30 : 13:37:36
http://www.archive.org/details/silveroxidesprep00shum,2011 Sep 30 : 13:37:37
http://www.archive.org/details/computeraideddat00oake,2011 Sep 30 : 13:37:38
http://www.archive.org/details/appraisalofexecu00stan,2011 Sep 30 : 13:37:40
http://www.archive.org/details/assemblyadjustme00skoo,2011 Sep 30 : 13:37:42
http://www.archive.org/details/somemeasurements00benn,2011 Sep 30 : 13:37:45
http://www.archive.org/details/effectofhydrofoi00venn,2011 Sep 30 : 13:37:48
http://www.archive.org/details/equivocalareasin00saeg,2011 Sep 30 : 13:37:51
http://www.archive.org/details/applicationofsul00mura,2011 Sep 30 : 13:37:53
http://www.archive.org/details/newfilterdesignb00webb,2011 Sep 30 : 13:37:55
http://www.archive.org/details/onprovidingunifo00pitt,2011 Sep 30 : 13:37:58
http://www.archive.org/details/effectonhysteres00jack,2011 Sep 30 : 13:38:01
http://www.archive.org/details/stoppingpowerofv00chil,2011 Sep 30 : 13:38:03
http://www.archive.org/details/objectivemethodo00mcma,2011 Sep 30 : 13:38:04
http://www.archive.org/details/anodephenomenaof00mcma,2011 Sep 30 : 13:38:06
http://www.archive.org/details/energylevelsinme00lovi,2011 Sep 30 : 13:38:07
http://www.archive.org/details/designofpneumati00laes,2011 Sep 30 : 13:38:09
http://www.archive.org/details/highintensitygam00king,2011 Sep 30 : 13:38:11
http://www.archive.org/details/storagetubesforu00hurd,2011 Sep 30 : 13:38:12
http://www.archive.org/details/developmentoflab00john,2011 Sep 30 : 13:38:15
http://www.archive.org/details/studyofcobalt6200jack,2011 Sep 30 : 13:38:15
http://www.archive.org/details/determinationoft00lobd,2011 Sep 30 : 13:38:16
http://www.archive.org/details/investigationofa00jane,2011 Sep 30 : 13:38:18
http://www.archive.org/details/aircoolingofhori00jenn,2011 Sep 30 : 13:38:19
http://www.archive.org/details/frequencyanalysi00keim,2011 Sep 30 : 13:38:20
http://www.archive.org/details/vaporizationcool00jack,2011 Sep 30 : 13:38:21
http://www.archive.org/details/propagationofmed00jeff,2011 Sep 30 : 13:38:23
http://www.archive.org/details/newconceptofmeta00jone,2011 Sep 30 : 13:38:24
http://www.archive.org/details/analysisoffactor00hump,2011 Sep 30 : 13:38:25
http://www.archive.org/details/widebandpulsetim00hopk,2011 Sep 30 : 13:38:26
http://www.archive.org/details/reinforcedcircul00hell,2011 Sep 30 : 13:38:29
http://www.archive.org/details/effectofsmallvar00holm,2011 Sep 30 : 13:38:31
http://www.archive.org/details/economicstudyofp00hoff,2011 Sep 30 : 13:38:33
http://www.archive.org/details/investigationofu00hobs,2011 Sep 30 : 13:38:34
http://www.archive.org/details/optimizingdecisi00henn,2011 Sep 30 : 13:38:35
http://www.archive.org/details/selectionmethods00hitc,2011 Sep 30 : 13:38:37
http://www.archive.org/details/experimentalinve00hurd,2011 Sep 30 : 13:38:38
http://www.archive.org/details/administrationfa00gart,2011 Sep 30 : 13:38:41
http://www.archive.org/details/stressdistributi00hall,2011 Sep 30 : 13:38:44
http://www.archive.org/details/dcamplifierwiths00dutr,2011 Sep 30 : 13:38:45
http://www.archive.org/details/theoryapplicatio00galv,2011 Sep 30 : 13:38:47
http://www.archive.org/details/effectofringtens00gibs,2011 Sep 30 : 13:38:49
http://www.archive.org/details/broadbandcrystal00gibs,2011 Sep 30 : 13:38:51
http://www.archive.org/details/investigationofe00haza,2011 Sep 30 : 13:38:53
http://www.archive.org/details/investigationofb00dunn,2011 Sep 30 : 13:38:55
http://www.archive.org/details/investigationofe00enni,2011 Sep 30 : 13:38:57
http://www.archive.org/details/effectofhydrofla00feue,2011 Sep 30 : 13:38:58
http://www.archive.org/details/useofnonmetallic00durf,2011 Sep 30 : 13:39:02
http://www.archive.org/details/investigationcal00cumm,2011 Sep 30 : 13:39:04
http://www.archive.org/details/identificationin00dear,2011 Sep 30 : 13:39:05
http://www.archive.org/details/selectiveservice00erns,2011 Sep 30 : 13:39:08
http://www.archive.org/details/preparationofsee00colm,2011 Sep 30 : 13:39:10
http://www.archive.org/details/universalmilitar00drur,2011 Sep 30 : 13:39:13
http://www.archive.org/details/excitedstatesofc00enni,2011 Sep 30 : 13:39:15
http://www.archive.org/details/studyofcapacitor00este,2011 Sep 30 : 13:39:17
http://www.archive.org/details/investigationofe00dank,2011 Sep 30 : 13:39:18
http://www.archive.org/details/isomericmetastab00fran,2011 Sep 30 : 13:39:20
http://www.archive.org/details/newtechniquesini00corn,2011 Sep 30 : 13:39:21
http://www.archive.org/details/lowfrequencyhigh00corm,2011 Sep 30 : 13:39:22
http://www.archive.org/details/applicationsofin00cook,2011 Sep 30 : 13:39:24
http://www.archive.org/details/interdigitalmagn00cole,2011 Sep 30 : 13:39:25
http://www.archive.org/details/leadershippotent00char,2011 Sep 30 : 13:39:28
http://www.archive.org/details/applicationsuses00calb,2011 Sep 30 : 13:39:29
http://www.archive.org/details/procedureforintr00cast,2011 Sep 30 : 13:39:32
http://www.archive.org/details/preliminaryinves00burt,2011 Sep 30 : 13:39:34
http://www.archive.org/details/relationshipbetw00byrn,2011 Sep 30 : 13:39:36
http://www.archive.org/details/servicewideforma00bowl,2011 Sep 30 : 13:39:38
http://www.archive.org/details/threephasebalanc00aroy,2011 Sep 30 : 13:39:39
http://www.archive.org/details/investigationoft00ains,2011 Sep 30 : 13:39:41
http://www.archive.org/details/windtunnelflight00boyd,2011 Sep 30 : 13:39:43
http://www.archive.org/details/investigationoft00bals,2011 Sep 30 : 13:39:44
http://www.archive.org/details/investigationoff00aron,2011 Sep 30 : 13:39:45
http://www.archive.org/details/determinationofe00behl,2011 Sep 30 : 13:39:46
http://www.archive.org/details/studytodetermine00brit,2011 Sep 30 : 13:39:47
http://www.archive.org/details/studyofruthenium00buch,2011 Sep 30 : 13:39:49
http://www.archive.org/details/shortcircuitbeha00adri,2011 Sep 30 : 13:39:50
http://www.archive.org/details/testofannularcas00budd,2011 Sep 30 : 13:39:52
http://www.archive.org/details/sensitivityofgra00adam,2011 Sep 30 : 13:39:53
http://www.archive.org/details/experimentaldete00ange,2011 Sep 30 : 13:39:55
http://www.archive.org/details/designofmagnetic00barr,2011 Sep 30 : 13:39:56
http://www.archive.org/details/analysisofelectr00baer,2011 Sep 30 : 13:39:58
http://www.archive.org/details/protonsdeuterons00wert,2011 Sep 30 : 13:39:59
http://www.archive.org/details/forecasting24hou00onei,2011 Sep 30 : 13:39:59
http://www.archive.org/details/dependenceofmeta00petr,2011 Sep 30 : 13:39:59
http://www.archive.org/details/managementengine00ryav,2011 Sep 30 : 13:40:00
http://www.archive.org/details/appraisaloffacto00prie,2011 Sep 30 : 13:40:00
http://www.archive.org/details/developmentofcre00kenn,2011 Sep 30 : 13:40:00
http://www.archive.org/details/trigonalinterpre00jone,2011 Sep 30 : 13:40:01
http://www.archive.org/details/useofxraypattern00moff,2011 Sep 30 : 13:40:01
http://www.archive.org/details/studyofeffectofv00mill,2011 Sep 30 : 13:40:01
http://www.archive.org/details/effectofvibratio00hold,2011 Sep 30 : 13:40:02
http://www.archive.org/details/microwavedirecti00krul,2011 Sep 30 : 13:40:02
http://www.archive.org/details/relationsbetween00livi,2011 Sep 30 : 13:40:02
http://www.archive.org/details/introductiontoap00doty,2011 Sep 30 : 13:40:03
http://www.archive.org/details/heattransfercoef00davi,2011 Sep 30 : 13:40:03
http://www.archive.org/details/optimalallocatio00gall,2011 Sep 30 : 13:40:03
http://www.archive.org/details/effectofinitiald00frei,2011 Sep 30 : 13:40:03
http://www.archive.org/details/investigationofp00ball,2011 Sep 30 : 13:40:04
http://www.archive.org/details/gainmarginphasem00hunn,2011 Sep 30 : 13:40:05
http://www.archive.org/details/powerlawspeechco00knic,2011 Sep 30 : 13:40:05
http://www.archive.org/details/vorticityingardi00mull,2011 Sep 30 : 13:40:06
http://www.archive.org/details/wahlentwurfeiner00mcmu,2011 Sep 30 : 13:40:08
http://www.archive.org/details/useofspheregapsa00oler,2011 Sep 30 : 13:40:10
http://www.archive.org/details/unstableisotopes00bric,2011 Sep 30 : 13:40:11
http://www.archive.org/details/troposphericlaps00dibr,2011 Sep 30 : 13:40:12
http://www.archive.org/details/transverseshears00dole,2011 Sep 30 : 13:40:13
http://www.archive.org/details/transportparamet00sisk,2011 Sep 30 : 13:40:15
http://www.archive.org/details/trainingadminist00fuet,2011 Sep 30 : 13:40:16
http://www.archive.org/details/torsioninincompl00call,2011 Sep 30 : 13:40:17
http://www.archive.org/details/thermaleffectsin00lane,2011 Sep 30 : 13:40:19
http://www.archive.org/details/theoreticalanaly00rich,2011 Sep 30 : 13:40:20
http://www.archive.org/details/theoreticalexper00newe,2011 Sep 30 : 13:40:23
http://www.archive.org/details/temperaturesurve00terr,2011 Sep 30 : 13:40:24
http://www.archive.org/details/temperaturesurve00patr,2011 Sep 30 : 13:40:26
http://www.archive.org/details/temperaturedistr00pala,2011 Sep 30 : 13:40:27
http://www.archive.org/details/surveyofusesofmo00step,2011 Sep 30 : 13:40:30
http://www.archive.org/details/surveyofhighalti00morr,2011 Sep 30 : 13:40:31
http://www.archive.org/details/studyofselectedp00reid,2011 Sep 30 : 13:40:34
http://www.archive.org/details/studyofseparatio00serv,2011 Sep 30 : 13:40:35
http://www.archive.org/details/studyoftheoryofe00gior,2011 Sep 30 : 13:40:36
http://www.archive.org/details/studyofsomeoffac00asma,2011 Sep 30 : 13:40:39
http://www.archive.org/details/studyoftendencyo00more,2011 Sep 30 : 13:40:40
http://www.archive.org/details/studyofeffectofs00poll,2011 Sep 30 : 13:40:42
http://www.archive.org/details/studyoffrictiond00gabo,2011 Sep 30 : 13:40:45
http://www.archive.org/details/studyoffundament00korn,2011 Sep 30 : 13:40:46
http://www.archive.org/details/studyofexcitedst00adam,2011 Sep 30 : 13:40:48
http://www.archive.org/details/studyofresistanc00dese,2011 Sep 30 : 13:40:50
http://www.archive.org/details/studyofrelations00kurz,2011 Sep 30 : 13:40:52
http://www.archive.org/details/studyoffilmtypec00sull,2011 Sep 30 : 13:40:54
http://www.archive.org/details/studyofdynamicsa00olso,2011 Sep 30 : 13:40:55
http://www.archive.org/details/studyofcoverforb00rupp,2011 Sep 30 : 13:40:56
http://www.archive.org/details/studyofcompressi00monr,2011 Sep 30 : 13:40:59
http://www.archive.org/details/studyofcapacitor00jaku,2011 Sep 30 : 13:41:01
http://www.archive.org/details/studyofcharacter00nels,2011 Sep 30 : 13:41:04
http://www.archive.org/details/studyofbalancebe00lawr,2011 Sep 30 : 13:41:06
http://www.archive.org/details/studyinmixingofs00doyl,2011 Sep 30 : 13:41:07
http://www.archive.org/details/structureofoctac00owen,2011 Sep 30 : 13:41:10
http://www.archive.org/details/stressconcentrat00efir,2011 Sep 30 : 13:41:12
http://www.archive.org/details/stressconcentrat00lieb,2011 Sep 30 : 13:41:13
http://www.archive.org/details/stressanalysisst00hall,2011 Sep 30 : 13:41:14
http://www.archive.org/details/stressdistributi00morr,2011 Sep 30 : 13:41:16
http://www.archive.org/details/stressanalysisof00dani,2011 Sep 30 : 13:41:18
http://www.archive.org/details/stationarytypesl00scha,2011 Sep 30 : 13:41:20
http://www.archive.org/details/statisticalcorre00writ,2011 Sep 30 : 13:41:20
http://www.archive.org/details/stabilityanalysi00kran,2011 Sep 30 : 13:41:21
http://www.archive.org/details/someresultsofper00tild,2011 Sep 30 : 13:41:22
http://www.archive.org/details/somesolutionstoe00jons,2011 Sep 30 : 13:41:23
http://www.archive.org/details/someaspectsofpro00bret,2011 Sep 30 : 13:41:25
http://www.archive.org/details/someadvancededuc00leec,2011 Sep 30 : 13:41:28
http://www.archive.org/details/solutionofapertu00coxd,2011 Sep 30 : 13:41:29
http://www.archive.org/details/smallscaleconsta00gisv,2011 Sep 30 : 13:41:31
http://www.archive.org/details/semiflexibleself00ever,2011 Sep 30 : 13:41:33
http://www.archive.org/details/reviewofpractice00vann,2011 Sep 30 : 13:41:34
http://www.archive.org/details/responsecharacte00seac,2011 Sep 30 : 13:41:35
http://www.archive.org/details/resonancesincsup00rose,2011 Sep 30 : 13:41:36
http://www.archive.org/details/reportofindustri00clar,2011 Sep 30 : 13:41:38
http://www.archive.org/details/religiouseducati00reav,2011 Sep 30 : 13:41:39
http://www.archive.org/details/qmeasurementsatm00inma,2011 Sep 30 : 13:41:40
http://www.archive.org/details/proposedmethodfo00ostr,2011 Sep 30 : 13:41:42
http://www.archive.org/details/proposalofcriter00gant,2011 Sep 30 : 13:41:44
http://www.archive.org/details/productioncontro00mark,2011 Sep 30 : 13:41:46
http://www.archive.org/details/procedureforappr00rawl,2011 Sep 30 : 13:41:48
http://www.archive.org/details/probableeffectso00smit,2011 Sep 30 : 13:41:49
http://www.archive.org/details/problemsfactorsi00atki,2011 Sep 30 : 13:41:51
http://www.archive.org/details/primarystandardo00davi,2011 Sep 30 : 13:41:52
http://www.archive.org/details/preliminarydesig00stru,2011 Sep 30 : 13:41:54
http://www.archive.org/details/photographictech00barn,2011 Sep 30 : 13:41:56
http://www.archive.org/details/photographicstud00chap,2011 Sep 30 : 13:41:58
http://www.archive.org/details/petroleumfuelits00mill,2011 Sep 30 : 13:41:59
http://www.archive.org/details/personnelofficer00twin,2011 Sep 30 : 13:42:02
http://www.archive.org/details/periodicitiesofc00braz,2011 Sep 30 : 13:42:03
http://www.archive.org/details/optimumrangeofwi00muel,2011 Sep 30 : 13:42:05
http://www.archive.org/details/onexperimentalde00brot,2011 Sep 30 : 13:42:06
http://www.archive.org/details/onapplicabilityo00patt,2011 Sep 30 : 13:42:08
http://www.archive.org/details/oilexportimportp00dodg,2011 Sep 30 : 13:42:10
http://www.archive.org/details/normalizedspectr00stri,2011 Sep 30 : 13:42:11
http://www.archive.org/details/newmethodofmeasu00bart,2011 Sep 30 : 13:42:12
http://www.archive.org/details/multiplemicropul00rhin,2011 Sep 30 : 13:42:13
http://www.archive.org/details/mixingofhotpulsa00evan,2011 Sep 30 : 13:42:15
http://www.archive.org/details/metastablestates00ebel,2011 Sep 30 : 13:42:16
http://www.archive.org/details/mechanicalrectif00blis,2011 Sep 30 : 13:42:19
http://www.archive.org/details/measurementofsma00biew,2011 Sep 30 : 13:42:19
http://www.archive.org/details/malachitegreenle00rech,2011 Sep 30 : 13:42:21
http://www.archive.org/details/longrangetelevis00newl,2011 Sep 30 : 13:42:22
http://www.archive.org/details/leadershiptactic00coll,2011 Sep 30 : 13:42:25
http://www.archive.org/details/isotopederivativ00entw,2011 Sep 30 : 13:42:26
http://www.archive.org/details/investigationofy00gall,2011 Sep 30 : 13:42:27
http://www.archive.org/details/investigationoft00iver,2011 Sep 30 : 13:42:29
http://www.archive.org/details/investigationofe00mont,2011 Sep 30 : 13:42:30
http://www.archive.org/details/investigationoff00butl,2011 Sep 30 : 13:42:33
http://www.archive.org/details/investigationoff00mona,2011 Sep 30 : 13:42:35
http://www.archive.org/details/investigationofe00mort,2011 Sep 30 : 13:42:36
http://www.archive.org/details/investigationoff00munk,2011 Sep 30 : 13:42:40
http://www.archive.org/details/investigationofr00leer,2011 Sep 30 : 13:42:43
http://www.archive.org/details/investigationofr00down,2011 Sep 30 : 13:42:45
http://www.archive.org/details/investigationofr00cart,2011 Sep 30 : 13:42:47
http://www.archive.org/details/investigationoft00brya,2011 Sep 30 : 13:42:48
http://www.archive.org/details/investigationofp00rath,2011 Sep 30 : 13:42:52
http://www.archive.org/details/investigationofp00hans,2011 Sep 30 : 13:42:53
http://www.archive.org/details/investigationofs00wals,2011 Sep 30 : 13:42:54
http://www.archive.org/details/investigationoff00erik,2011 Sep 30 : 13:42:55
http://www.archive.org/details/investigationofp00dors,2011 Sep 30 : 13:42:57
http://www.archive.org/details/investigationofe00davi,2011 Sep 30 : 13:43:03
http://www.archive.org/details/investigationint00john,2011 Sep 30 : 13:43:05
http://www.archive.org/details/investigationofc00kauf,2011 Sep 30 : 13:43:06
http://www.archive.org/details/introductiontoul00vall,2011 Sep 30 : 13:43:08
http://www.archive.org/details/integratingampli00bior,2011 Sep 30 : 13:43:09
http://www.archive.org/details/inspectionmethod00abbo,2011 Sep 30 : 13:43:11
http://www.archive.org/details/influenceofmagne00wake,2011 Sep 30 : 13:43:12
http://www.archive.org/details/influenceofcurva00tess,2011 Sep 30 : 13:43:15
http://www.archive.org/details/improvingsupervi00oshe,2011 Sep 30 : 13:43:19
http://www.archive.org/details/iintegratedinten00holm,2011 Sep 30 : 13:43:20
http://www.archive.org/details/highspeedphotogr00vano,2011 Sep 30 : 13:43:22
http://www.archive.org/details/highintensitysho00gree,2011 Sep 30 : 13:43:24
http://www.archive.org/details/highpowertrigger00gill,2011 Sep 30 : 13:43:25
http://www.archive.org/details/heattransferprob00berg,2011 Sep 30 : 13:43:26
http://www.archive.org/details/groupevaluationo00earn,2011 Sep 30 : 13:43:28
http://www.archive.org/details/furtherevaluatio00pett,2011 Sep 30 : 13:43:29
http://www.archive.org/details/frequencystabili00stre,2011 Sep 30 : 13:43:31
http://www.archive.org/details/fighteraircraftf00free,2011 Sep 30 : 13:43:32
http://www.archive.org/details/failureanalysiso00laug,2011 Sep 30 : 13:43:34
http://www.archive.org/details/failureunderalte00nola,2011 Sep 30 : 13:43:35
http://www.archive.org/details/experimentalmeth00bark,2011 Sep 30 : 13:43:36
http://www.archive.org/details/experimentalinve00brya,2011 Sep 30 : 13:43:38
http://www.archive.org/details/experimentalinve00beck,2011 Sep 30 : 13:43:39
http://www.archive.org/details/experimentalinve00walk,2011 Sep 30 : 13:43:41
http://www.archive.org/details/experimentalinve00fric,2011 Sep 30 : 13:43:42
http://www.archive.org/details/experimentalinve00john,2011 Sep 30 : 13:43:44
http://www.archive.org/details/experimentaldete00good,2011 Sep 30 : 13:43:46
http://www.archive.org/details/experimentaldete00rush,2011 Sep 30 : 13:43:48
http://www.archive.org/details/experimentalanal00bour,2011 Sep 30 : 13:43:49
http://www.archive.org/details/evaluationoftime00lock,2011 Sep 30 : 13:43:51
http://www.archive.org/details/evaluationofstat00deca,2011 Sep 30 : 13:43:53
http://www.archive.org/details/evaluationoftwel00robe,2011 Sep 30 : 13:43:56
http://www.archive.org/details/evaluationofeffe00gilb,2011 Sep 30 : 13:43:58
http://www.archive.org/details/evaluationofseab00ande,2011 Sep 30 : 13:44:00
http://www.archive.org/details/evaluationofinst00alpe,2011 Sep 30 : 13:44:02
http://www.archive.org/details/evaluationofmeta00fles,2011 Sep 30 : 13:44:04
http://www.archive.org/details/evaluationofcook00clar,2011 Sep 30 : 13:44:05
http://www.archive.org/details/evaluationfollow00mayb,2011 Sep 30 : 13:44:08
http://www.archive.org/details/engineeringrepor00kist,2011 Sep 30 : 13:44:09
http://www.archive.org/details/energylevelsinli00bake,2011 Sep 30 : 13:44:11
http://www.archive.org/details/energylevelsinsu00scho,2011 Sep 30 : 13:44:13
http://www.archive.org/details/emissivitycalcul00ostr,2011 Sep 30 : 13:44:14
http://www.archive.org/details/electromagnetsfo00helm,2011 Sep 30 : 13:44:16
http://www.archive.org/details/effectsofradiati00peak,2011 Sep 30 : 13:44:17
http://www.archive.org/details/effectsofradiati00macw,2011 Sep 30 : 13:44:19
http://www.archive.org/details/effectofswitchha00dool,2011 Sep 30 : 13:44:20
http://www.archive.org/details/effectofmusiconm00surf,2011 Sep 30 : 13:44:21
http://www.archive.org/details/effectofsurfacet00evan,2011 Sep 30 : 13:44:22
http://www.archive.org/details/effectofleversiz00cami,2011 Sep 30 : 13:44:23
http://www.archive.org/details/effectofdiameter00hous,2011 Sep 30 : 13:44:25
http://www.archive.org/details/effectofductsona00craw,2011 Sep 30 : 13:44:27
http://www.archive.org/details/effectivemethods00gree,2011 Sep 30 : 13:44:30
http://www.archive.org/details/dynamicloadcarry00ahre,2011 Sep 30 : 13:44:31
http://www.archive.org/details/directionalstabi00pete,2011 Sep 30 : 13:44:32
http://www.archive.org/details/differentialther00merr,2011 Sep 30 : 13:44:33
http://www.archive.org/details/developmentofmet00thom,2011 Sep 30 : 13:44:36
http://www.archive.org/details/developmentofthe00long,2011 Sep 30 : 13:44:38
http://www.archive.org/details/developmentofmet00reyn,2011 Sep 30 : 13:44:39
http://www.archive.org/details/detonatorsdetona00calh,2011 Sep 30 : 13:44:41
http://www.archive.org/details/determininginstr00dick,2011 Sep 30 : 13:44:43
http://www.archive.org/details/determinationofd00cool,2011 Sep 30 : 13:44:45
http://www.archive.org/details/designfabricatio00mayn,2011 Sep 30 : 13:44:47
http://www.archive.org/details/designmanufactur00arnd,2011 Sep 30 : 13:44:48
http://www.archive.org/details/designconstructi00chil,2011 Sep 30 : 13:44:49
http://www.archive.org/details/designtestofsmal00dear,2011 Sep 30 : 13:44:50
http://www.archive.org/details/designofgroupofm00most,2011 Sep 30 : 13:44:51
http://www.archive.org/details/dampingcapacityt00baco,2011 Sep 30 : 13:44:54
http://www.archive.org/details/curriculumdevelo00bigg,2011 Sep 30 : 13:44:55
http://www.archive.org/details/criticalsurveyof00phil,2011 Sep 30 : 13:44:58
http://www.archive.org/details/considerationofs00jans,2011 Sep 30 : 13:45:02
http://www.archive.org/details/conditioningnava00carr,2011 Sep 30 : 13:45:04
http://www.archive.org/details/computeraidedgeo00habe,2011 Sep 30 : 13:45:05
http://www.archive.org/details/computationofins00mill,2011 Sep 30 : 13:45:08
http://www.archive.org/details/comparisonofreti00brea,2011 Sep 30 : 13:45:10
http://www.archive.org/details/compressortestfa00swai,2011 Sep 30 : 13:45:11
http://www.archive.org/details/comparisonofforc00mars,2011 Sep 30 : 13:45:14
http://www.archive.org/details/comparisonofbrit00nels,2011 Sep 30 : 13:45:15
http://www.archive.org/details/completioncalibr00smit,2011 Sep 30 : 13:45:17
http://www.archive.org/details/columncreepof75s00gaib,2011 Sep 30 : 13:45:18
http://www.archive.org/details/centralizedadmin00powe,2011 Sep 30 : 13:45:20
http://www.archive.org/details/careerplanningfo00mccl,2011 Sep 30 : 13:45:23
http://www.archive.org/details/attitudesurveyof00giul,2011 Sep 30 : 13:45:26
http://www.archive.org/details/applicationofram00rown,2011 Sep 30 : 13:45:27
http://www.archive.org/details/appraisalofrolep00ofst,2011 Sep 30 : 13:45:29
http://www.archive.org/details/applicationofmom00barr,2011 Sep 30 : 13:45:32
http://www.archive.org/details/applicationofhip00sull,2011 Sep 30 : 13:45:33
http://www.archive.org/details/applicationofexa00abbo,2011 Sep 30 : 13:45:34
http://www.archive.org/details/analyticaltechni00beec,2011 Sep 30 : 13:45:36
http://www.archive.org/details/analysisoftandem00mesh,2011 Sep 30 : 13:45:37
http://www.archive.org/details/analysisofrecent00stou,2011 Sep 30 : 13:45:38
http://www.archive.org/details/analysisofelectr00mile,2011 Sep 30 : 13:45:40
http://www.archive.org/details/analysisofcurren00elaa,2011 Sep 30 : 13:45:42
http://www.archive.org/details/analysisofcontin00chap,2011 Sep 30 : 13:45:43
http://www.archive.org/details/analysisdesignof00devl,2011 Sep 30 : 13:45:45
http://www.archive.org/details/analysisofdouble00irge,2011 Sep 30 : 13:45:46
http://www.archive.org/details/analysisofcompou00norr,2011 Sep 30 : 13:45:47
http://www.archive.org/details/alphagammaangula00beli,2011 Sep 30 : 13:45:49
http://www.archive.org/details/airfilmcoolingof00mild,2011 Sep 30 : 13:45:50
http://www.archive.org/details/adequacyofoffice00fole,2011 Sep 30 : 13:45:54
http://www.archive.org/details/aerodynamicchara00dela,2011 Sep 30 : 13:45:56
http://www.archive.org/details/aerodynamicchara00sche,2011 Sep 30 : 13:45:57
http://www.archive.org/details/fatiguestrengtho00lamb,2011 Sep 30 : 13:45:58
http://www.archive.org/details/studyofmagnetica00betz,2011 Sep 30 : 13:46:03
http://www.archive.org/details/comparisonofamer00john,2011 Sep 30 : 13:46:05
http://www.archive.org/details/liquidpropellant00capp,2011 Sep 30 : 13:46:06
http://www.archive.org/details/sequenceinwelded00hink,2011 Sep 30 : 13:46:11
http://www.archive.org/details/studyofpressured00dwir,2011 Sep 30 : 13:46:12
http://www.archive.org/details/stabilitywithcom00balc,2011 Sep 30 : 13:46:14
http://www.archive.org/details/excitationfuncti00hunt,2011 Sep 30 : 13:46:15
http://www.archive.org/details/someaspectsofsel00cock,2011 Sep 30 : 13:46:16
http://www.archive.org/details/investigationofs00beer,2011 Sep 30 : 13:46:17
http://www.archive.org/details/investigationofh00gant,2011 Sep 30 : 13:46:21
http://www.archive.org/details/studyofperforman00kilc,2011 Sep 30 : 13:46:22
http://www.archive.org/details/circularsandwich00john,2011 Sep 30 : 13:46:23
http://www.archive.org/details/turningperforman00keat,2011 Sep 30 : 13:46:24
http://www.archive.org/details/lightweightmulti00fort,2011 Sep 30 : 13:46:26
http://www.archive.org/details/effectofdiscussi00robi,2011 Sep 30 : 13:46:28
http://www.archive.org/details/effectupondeflec00livi,2011 Sep 30 : 13:46:29
http://www.archive.org/details/problemofbrittle00hink,2011 Sep 30 : 13:46:31
http://www.archive.org/details/calculationofent00slat,2011 Sep 30 : 13:46:32
http://www.archive.org/details/comparativestudy00bect,2011 Sep 30 : 13:46:35
http://www.archive.org/details/completionofinst00fran,2011 Sep 30 : 13:46:36
http://www.archive.org/details/studyofexhaustga00benn,2011 Sep 30 : 13:46:37
http://www.archive.org/details/developmentofexa00isel,2011 Sep 30 : 13:46:39
http://www.archive.org/details/investigationofs00gate,2011 Sep 30 : 13:46:40
http://www.archive.org/details/studyofattitudes00mcka,2011 Sep 30 : 13:46:42
http://www.archive.org/details/studyofbehavioro00fran,2011 Sep 30 : 13:46:44
http://www.archive.org/details/investigationofp00john,2011 Sep 30 : 13:46:46
http://www.archive.org/details/investigationofe00call,2011 Sep 30 : 13:46:47
http://www.archive.org/details/designconstructi00boet,2011 Sep 30 : 13:46:48
http://www.archive.org/details/effectofionizati00koet,2011 Sep 30 : 13:46:52
http://www.archive.org/details/studyofcriteriai00fear,2011 Sep 30 : 13:46:54
http://www.archive.org/details/investigationofs00dibb,2011 Sep 30 : 13:46:55
http://www.archive.org/details/automatichighspe00budd,2011 Sep 30 : 13:46:57
http://www.archive.org/details/designconstructi00hawk,2011 Sep 30 : 13:46:59
http://www.archive.org/details/heattransferinex00king,2011 Sep 30 : 13:47:00
http://www.archive.org/details/designconsiderat00gray,2011 Sep 30 : 13:47:03
http://www.archive.org/details/analysisofformat00simp,2011 Sep 30 : 13:47:05
http://www.archive.org/details/applicabilityofx00brow,2011 Sep 30 : 13:47:06
http://www.archive.org/details/methodofapplicat00hans,2011 Sep 30 : 13:47:08
http://www.archive.org/details/studyofgasflowin00hinc,2011 Sep 30 : 13:47:10
http://www.archive.org/details/standardofhighfr00hans,2011 Sep 30 : 13:47:12
http://www.archive.org/details/correlationofrad00john,2011 Sep 30 : 13:47:15
http://www.archive.org/details/studyofeffectofv00gooc,2011 Sep 30 : 13:47:17
http://www.archive.org/details/studyofminimumba00coll,2011 Sep 30 : 13:47:19
http://www.archive.org/details/analysisofindete00laur,2011 Sep 30 : 13:47:20
http://www.archive.org/details/bondingofmetalli00hump,2011 Sep 30 : 13:47:22
http://www.archive.org/details/applicationofcap00dwye,2011 Sep 30 : 13:47:24
http://www.archive.org/details/philosophyoflead00leej,2011 Sep 30 : 13:47:26
http://www.archive.org/details/supplementalfitn00harp,2011 Sep 30 : 13:47:28
http://www.archive.org/details/advancedtraining00goul,2011 Sep 30 : 13:47:30
http://www.archive.org/details/measurementofsca00iris,2011 Sep 30 : 13:47:32
http://www.archive.org/details/analysisoffactor00mack,2011 Sep 30 : 13:47:34
http://www.archive.org/details/preliminaryinves00chri,2011 Sep 30 : 13:47:36
http://www.archive.org/details/studyincareerpla00gerh,2011 Sep 30 : 13:47:38
http://www.archive.org/details/airatomizationof00erke,2011 Sep 30 : 13:47:40
http://www.archive.org/details/measurementofcur00anas,2011 Sep 30 : 13:47:42
http://www.archive.org/details/instructortraini00casp,2011 Sep 30 : 13:47:45
http://www.archive.org/details/individualdiffer00harm,2011 Sep 30 : 13:47:47
http://www.archive.org/details/collisionsofligh00kohn,2011 Sep 30 : 13:47:50
http://www.archive.org/details/industrialconfer00holm,2011 Sep 30 : 13:47:53
http://www.archive.org/details/eddycurrentdampi00fish,2011 Sep 30 : 13:47:54
http://www.archive.org/details/guanidineitsnitr00wish,2011 Sep 30 : 13:47:56
http://www.archive.org/details/personnelaccount00herr,2011 Sep 30 : 13:47:59
http://www.archive.org/details/effectofreynolds00bott,2011 Sep 30 : 13:48:00
http://www.archive.org/details/corrosionofvanad00rich,2011 Oct 07 : 16:11:45
http://www.archive.org/details/initialelasticfr00will,2011 Oct 07 : 16:11:49
http://www.archive.org/details/radarmagneticmod00rodg,2011 Oct 07 : 16:11:51
http://www.archive.org/details/similitudeconsid00neyk,2011 Oct 07 : 16:11:52
http://www.archive.org/details/alphatrackcounte00trea,2011 Oct 07 : 16:11:53
http://www.archive.org/details/effectofvaporvel00webb,2011 Oct 07 : 16:11:56
http://www.archive.org/details/interferenceeffe00rexj,2011 Oct 07 : 16:11:57
http://www.archive.org/details/measurementofbre00sawt,2011 Oct 07 : 16:11:59
http://www.archive.org/details/methodfordetermi00perk,2011 Oct 07 : 16:12:00
http://www.archive.org/details/useofsinglecorem00weav,2011 Oct 07 : 16:12:01
http://www.archive.org/details/examinationofbub00whit,2011 Oct 07 : 16:12:02
http://www.archive.org/details/experimentsonimp00ston,2011 Oct 07 : 16:12:04
http://www.archive.org/details/onvalidityofcert00kell,2011 Oct 07 : 16:12:04
http://www.archive.org/details/designconstructi00well,2011 Oct 07 : 16:12:05
http://www.archive.org/details/visualinvestigat00leme,2011 Oct 07 : 16:12:06
http://www.archive.org/details/stabilityanalysi00mcgi,2011 Oct 07 : 16:12:07
http://www.archive.org/details/studyofacoustica00kaun,2011 Oct 07 : 16:12:09
http://www.archive.org/details/studyoffactorsli00kroh,2011 Oct 07 : 16:12:11
http://www.archive.org/details/thermalneutronpo00shro,2011 Oct 07 : 16:12:12
http://www.archive.org/details/somedesigntechni00kilp,2011 Oct 07 : 16:12:13
http://www.archive.org/details/reliabletubedeve00keen,2011 Oct 07 : 16:12:14
http://www.archive.org/details/personnelpractic00orou,2011 Oct 07 : 16:12:16
http://www.archive.org/details/onnaturaltransve00otth,2011 Oct 07 : 16:12:18
http://www.archive.org/details/onburningofsingl00kile,2011 Oct 07 : 16:12:19
http://www.archive.org/details/nuclearmagnetism00neuf,2011 Oct 07 : 16:12:20
http://www.archive.org/details/nonlinearcapacit00will,2011 Oct 07 : 16:12:22
http://www.archive.org/details/movingstriations00karg,2011 Oct 07 : 16:12:24
http://www.archive.org/details/multiplemesonpro00john,2011 Oct 07 : 16:12:25
http://www.archive.org/details/magneticreferenc00simp,2011 Oct 07 : 16:12:26
http://www.archive.org/details/managementsurvey01pase,2011 Oct 07 : 16:12:29
http://www.archive.org/details/introductiontost00tuck,2011 Oct 07 : 16:12:30
http://www.archive.org/details/investigationofo00murr,2011 Oct 07 : 16:12:31
http://www.archive.org/details/instrumentationc00snyd,2011 Oct 07 : 16:12:33
http://www.archive.org/details/helicalantennaat00krem,2011 Oct 07 : 16:12:35
http://www.archive.org/details/fendersfendersys00stif,2011 Oct 07 : 16:12:37
http://www.archive.org/details/evaluationofstan00moss,2011 Oct 07 : 16:12:38
http://www.archive.org/details/experimentalinve00jone,2011 Oct 07 : 16:12:40
http://www.archive.org/details/experimentalmerc00thom,2011 Oct 07 : 16:12:41
http://www.archive.org/details/effectofvariosor00smit,2011 Oct 07 : 16:12:42
http://www.archive.org/details/effectsofscannin00pers,2011 Oct 07 : 16:12:44
http://www.archive.org/details/effectoferrorsin00laws,2011 Oct 07 : 16:12:45
http://www.archive.org/details/effectofoxidecoa00john,2011 Oct 07 : 16:12:47
http://www.archive.org/details/developmentofmin00kend,2011 Oct 07 : 16:12:49
http://www.archive.org/details/determinationofs00smit,2011 Oct 07 : 16:12:50
http://www.archive.org/details/designconstructi00trea,2011 Oct 07 : 16:12:59
http://www.archive.org/details/comparisonofalld00scot,2011 Oct 07 : 16:13:01
http://www.archive.org/details/broadbandmicrowa00shel,2011 Oct 07 : 16:13:03
http://www.archive.org/details/appraisalofmater00mill,2011 Oct 07 : 16:13:05
http://www.archive.org/details/analysisofindust00solt,2011 Oct 07 : 16:13:06
http://www.archive.org/details/angularmotionins00port,2011 Oct 07 : 16:13:07
http://www.archive.org/details/analysisevaluati00mcco,2011 Oct 07 : 16:13:11
http://www.archive.org/details/analysisofextent00sodk,2011 Oct 07 : 16:13:13
http://www.archive.org/details/activationenergi00medb,2011 Oct 07 : 16:13:14
http://www.archive.org/details/highenergyphotoe00wils,2011 Oct 07 : 16:13:14
http://www.archive.org/details/experimentalstud00woot,2011 Oct 07 : 16:13:14
http://www.archive.org/details/managementsurvey02pase,2011 Oct 07 : 16:13:15
http://www.archive.org/details/investigationofe00sche,2011 Oct 07 : 16:13:15
http://www.archive.org/details/useofxraydiffrac00powe,2011 Oct 07 : 16:13:15
http://www.archive.org/details/managementsurvey03pase,2011 Oct 07 : 16:13:15
http://www.archive.org/details/studyofinterrela00macc,2011 Oct 07 : 16:13:16
http://www.archive.org/details/investigationoff00lind,2011 Oct 07 : 16:13:16
http://www.archive.org/details/creepbehaviorofm00nacz,2011 Oct 07 : 16:13:16
http://www.archive.org/details/investigationofr00mont,2011 Oct 07 : 16:13:18
http://www.archive.org/details/intercalibration00more,2011 Oct 07 : 16:13:19
http://www.archive.org/details/magneticcorelogi00mart,2011 Oct 07 : 16:13:19
http://www.archive.org/details/investigationofc00nels,2011 Oct 07 : 16:13:19
http://www.archive.org/details/heattransfercoef00nels,2011 Oct 07 : 16:13:19
http://www.archive.org/details/comparativeanaly00lars,2011 Oct 07 : 16:13:20
http://www.archive.org/details/effectofbeamdraf00more,2011 Oct 07 : 16:13:20
http://www.archive.org/details/experimentalinve00mack,2011 Oct 07 : 16:13:20
http://www.archive.org/details/effectoftemperat00jone,2011 Oct 07 : 16:13:21
http://www.archive.org/details/overallheattrans00arey,2011 Oct 07 : 16:13:26
http://www.archive.org/details/singlesidebandsu00nema,2011 Oct 14 : 13:31:23
http://www.archive.org/details/grievanceprocedu00will,2011 Oct 14 : 13:31:25
http://www.archive.org/details/studyevaluationo00will,2011 Oct 14 : 13:31:28
http://www.archive.org/details/asurveyoftherequ00osbo,2011 Oct 14 : 13:31:30
http://www.archive.org/details/experimentaldete00wool,2011 Oct 14 : 13:31:31
http://www.archive.org/details/mechanismofradia00winn,2011 Oct 14 : 13:31:33
http://www.archive.org/details/promotiontorateo00east,2011 Oct 14 : 13:31:34
http://www.archive.org/details/barkhausenkurzos00hase,2011 Oct 17 : 11:51:47
http://www.archive.org/details/distributionofen00baxt,2011 Oct 17 : 11:51:50
http://www.archive.org/details/useofradioactive00mcle,2011 Oct 17 : 11:51:53
http://www.archive.org/details/investigationofe00pier,2011 Oct 17 : 11:51:55
http://www.archive.org/details/effectofinitiald00frei,2011 Oct 17 : 11:51:58
http://www.archive.org/details/engineeringstudy00conn,2011 Oct 17 : 11:51:59
http://www.archive.org/details/investigationint00eman,2011 Oct 17 : 11:52:01
http://www.archive.org/details/powerlawspeechco00knic,2011 Oct 17 : 11:52:02
http://www.archive.org/details/thermodynamiccha00farr,2011 Oct 17 : 11:52:03
http://www.archive.org/details/studyofradioacti00mcma,2011 Oct 17 : 11:52:04
http://www.archive.org/details/optimalallocatio00gall,2011 Oct 17 : 11:52:05
http://www.archive.org/details/heattransfercoef00davi,2011 Oct 17 : 11:52:06
http://www.archive.org/details/intercalibration00more,2011 Oct 17 : 11:52:07
http://www.archive.org/details/managementsurvey03pase,2011 Oct 17 : 11:52:08
http://www.archive.org/details/cathodeinterface00holm,2011 Oct 17 : 11:52:17
http://www.archive.org/details/managementsurvey02pase,2011 Oct 17 : 11:52:20
http://www.archive.org/details/appraisaloffacto00prie,2011 Oct 17 : 11:52:22
http://www.archive.org/details/voltageregulatio00auge,2011 Oct 17 : 11:52:25
http://www.archive.org/details/dependenceofmeta00petr,2011 Oct 17 : 11:52:27
http://www.archive.org/details/comparativeanaly00lars,2011 Oct 17 : 11:52:30
http://www.archive.org/details/dynamicrepresent00duin,2011 Oct 17 : 11:52:32
http://www.archive.org/details/useofxraydiffrac00powe,2011 Oct 17 : 11:52:34
http://www.archive.org/details/experimentalstud00woot,2011 Oct 17 : 11:52:35
http://www.archive.org/details/adaptionoffreepr00baco,2011 Oct 17 : 11:52:36
http://www.archive.org/details/microwavedirecti00krul,2011 Oct 17 : 11:52:38
http://www.archive.org/details/effectofnonsinus00buse,2011 Oct 17 : 11:52:39
http://www.archive.org/details/studyofevasiveac00gent,2011 Oct 17 : 11:52:39
http://www.archive.org/details/delaylinemanufac00bend,2011 Oct 17 : 11:52:40
http://www.archive.org/details/forecasting24hou00onei,2011 Oct 17 : 11:52:42
http://www.archive.org/details/effectofbeamdraf00more,2011 Oct 17 : 11:52:43
http://www.archive.org/details/investigationofe00sche,2011 Oct 17 : 11:52:44
http://www.archive.org/details/magneticcorelogi00mart,2011 Oct 17 : 11:52:45
http://www.archive.org/details/investigationoff00lind,2011 Oct 17 : 11:52:46
http://www.archive.org/details/investigationofc00nels,2011 Oct 17 : 11:52:48
http://www.archive.org/details/effectoftemperat00jone,2011 Oct 17 : 11:52:49
http://www.archive.org/details/creepbehaviorofm00nacz,2011 Oct 17 : 11:52:50
http://www.archive.org/details/highenergyphotoe00wils,2011 Oct 17 : 11:52:52
http://www.archive.org/details/investigationofr00mont,2011 Oct 17 : 11:52:53
http://www.archive.org/details/studyofinterrela00macc,2011 Oct 17 : 11:52:54
http://www.archive.org/details/heattransfercoef00nels,2011 Oct 17 : 11:52:55
http://www.archive.org/details/photoelasticstud00holm,2011 Oct 17 : 11:52:56
http://www.archive.org/details/experimentalinve00mack,2011 Oct 17 : 11:52:57
http://www.archive.org/details/bparameterincree00bell,2011 Oct 17 : 11:52:58
http://www.archive.org/details/managementengine00ryav,2011 Oct 17 : 11:53:03
http://www.archive.org/details/investigationoff00cout,2011 Oct 17 : 11:53:05
http://www.archive.org/details/developmentofcre00kenn,2011 Oct 17 : 11:53:06
http://www.archive.org/details/operationevaluat00cope,2011 Oct 17 : 11:53:07
http://www.archive.org/details/effectofvibratio00hold,2011 Oct 17 : 11:53:08
http://www.archive.org/details/useofxraypattern00moff,2011 Oct 17 : 11:53:10
http://www.archive.org/details/trigonalinterpre00jone,2011 Oct 17 : 11:53:11
http://www.archive.org/details/protonsdeuterons00wert,2011 Oct 17 : 11:53:13
http://www.archive.org/details/relationsbetween00livi,2011 Oct 17 : 11:53:14
http://www.archive.org/details/studyoftransfero00benn,2011 Oct 17 : 11:53:16
http://www.archive.org/details/studyofeffectofv00mill,2011 Oct 17 : 11:53:17
http://www.archive.org/details/investigationofp00ball,2011 Oct 17 : 11:53:19
http://www.archive.org/details/introductiontoap00doty,2011 Oct 17 : 11:53:21
http://www.archive.org/details/theoreticalinves00rehf,2011 Oct 17 : 11:53:22
http://www.archive.org/details/directcurrentlim00beie,2011 Oct 17 : 11:53:24
http://www.archive.org/details/investigationofa00polk,2011 Oct 17 : 11:53:26
http://www.archive.org/details/storagetubeasele00edwa,2011 Oct 17 : 11:53:27
http://www.archive.org/details/transversefieldf00alde,2011 Oct 17 : 11:53:29
http://www.archive.org/details/photometricmeasu00bake,2011 Oct 17 : 11:53:31
http://www.archive.org/details/neutronagebyindi00carl,2011 Oct 17 : 11:53:32
http://www.archive.org/details/motionpicturesin00step,2011 Oct 17 : 11:53:35
http://www.archive.org/details/investigationatl00bird,2011 Oct 17 : 11:53:38
http://www.archive.org/details/gasabsorptionbya00bran,2011 Oct 17 : 11:53:38
http://www.archive.org/details/gammaraydosimetr00pres,2011 Oct 17 : 11:53:40
http://www.archive.org/details/experimentalinve00ahea,2011 Oct 17 : 11:53:41
http://www.archive.org/details/effectofthinmeta00ande,2011 Oct 17 : 11:53:43
http://www.archive.org/details/discussionofvari00alex,2011 Oct 17 : 11:53:45
http://www.archive.org/details/liftcoefficiento00fars,2011 Oct 17 : 11:53:47
http://www.archive.org/details/liquidhydrogenbu00ditt,2011 Oct 17 : 11:53:48
http://www.archive.org/details/pointemitteraspo00herr,2011 Oct 17 : 11:53:49
http://www.archive.org/details/transistorsinewa00gree,2011 Oct 17 : 11:53:51
http://www.archive.org/details/widebandperforma00coun,2011 Oct 17 : 11:53:52
http://www.archive.org/details/studyofeffectofv00heid,2011 Oct 17 : 11:53:54
http://www.archive.org/details/studyofoptimumga00hend,2011 Oct 17 : 11:53:55
http://www.archive.org/details/systemforproduci00clar,2011 Oct 17 : 11:53:57
http://www.archive.org/details/totalabsorptions00jest,2011 Oct 17 : 11:53:57
http://www.archive.org/details/relationshipbetw00gate,2011 Oct 17 : 11:53:59
http://www.archive.org/details/propellerexcited00jenk,2011 Oct 17 : 11:54:03
http://www.archive.org/details/pulsedeltamodula00cowa,2011 Oct 17 : 11:54:04
http://www.archive.org/details/mapcodifications00coxj,2011 Oct 17 : 11:54:06
http://www.archive.org/details/lowdistortiontra00jame,2011 Oct 17 : 11:54:08
http://www.archive.org/details/magneticmodulato00howe,2011 Oct 17 : 11:54:09
http://www.archive.org/details/leadingedgeretra00doss,2011 Oct 17 : 11:54:10
http://www.archive.org/details/interpretationof00crut,2011 Oct 17 : 11:54:12
http://www.archive.org/details/invarianceprinci00bill,2011 Oct 17 : 11:54:13
http://www.archive.org/details/investigationint00dene,2011 Oct 17 : 11:54:14
http://www.archive.org/details/interactionbetwe00farm,2011 Oct 17 : 11:54:15
http://www.archive.org/details/highenergyinduce00hart,2011 Oct 17 : 11:54:16
http://www.archive.org/details/exogenousendogen00hipp,2011 Oct 17 : 11:54:17
http://www.archive.org/details/effectofbladecoo00bute,2011 Oct 17 : 11:54:19
http://www.archive.org/details/effectofradiatio00hopk,2011 Oct 17 : 11:54:21
http://www.archive.org/details/designofstriptra00butl,2011 Oct 17 : 11:54:24
http://www.archive.org/details/designofwindtunn00farn,2011 Oct 17 : 11:54:25
http://www.archive.org/details/couplingtransiti00henn,2011 Oct 17 : 11:54:26
http://www.archive.org/details/behaviorofwidepl00gauc,2011 Oct 17 : 11:54:29
http://www.archive.org/details/automaticimpedan00fenw,2011 Oct 17 : 11:54:31
http://www.archive.org/details/automaticgaincon00brya,2011 Oct 17 : 11:54:34
http://www.archive.org/details/angulardistribut00cobb,2011 Oct 17 : 11:54:35
http://www.archive.org/details/analysisdesignof00grem,2011 Oct 17 : 11:54:36
http://www.archive.org/details/analyticdevelopm00frit,2011 Oct 17 : 11:54:38
http://www.archive.org/details/behaviorofwaterm00boot,2011 Oct 17 : 11:54:39
http://www.archive.org/details/developmentoftec00elli,2011 Oct 17 : 11:54:40
http://www.archive.org/details/effectofcentrifu00conn,2011 Oct 17 : 11:54:42
http://www.archive.org/details/emissivityofhydr00bent,2011 Oct 17 : 11:54:43
http://www.archive.org/details/equipmentforprod00fade,2011 Oct 17 : 11:54:43
http://www.archive.org/details/evaluationofdamp00brow,2011 Oct 17 : 11:54:44
http://www.archive.org/details/experimentsinnuc00corn,2011 Oct 17 : 11:54:46
http://www.archive.org/details/investigationofe00cart,2011 Oct 17 : 11:54:47
http://www.archive.org/details/magneticcoresthe00blyt,2011 Oct 17 : 11:54:48
http://www.archive.org/details/mutualimpedanceb00goke,2011 Oct 17 : 11:54:49
http://www.archive.org/details/naturalfrequenci00badi,2011 Oct 17 : 11:54:49
http://www.archive.org/details/opensleevebroadb00bark,2011 Oct 17 : 11:54:51
http://www.archive.org/details/photoelasticstud00burk,2011 Oct 17 : 11:54:52
http://www.archive.org/details/preliminarytesti00bail,2011 Oct 17 : 11:54:53
http://www.archive.org/details/sonicinvestigati00buck,2011 Oct 17 : 11:54:55
http://www.archive.org/details/studyofhighenerg00chri,2011 Oct 17 : 11:54:57
http://www.archive.org/details/educationrecruit00hemm,2011 Oct 17 : 11:54:57
http://www.archive.org/details/appraisalofcasem00litt,2011 Oct 17 : 11:54:58
http://www.archive.org/details/effectofsizeonha00mach,2011 Oct 17 : 11:54:59
http://www.archive.org/details/systemsoforder00mcga,2011 Oct 17 : 11:54:59
http://www.archive.org/details/darkme01jude,2011 Oct 17 : 11:55:00
http://www.archive.org/details/terrestrialphoto00jarv,2011 Oct 17 : 11:55:00
http://www.archive.org/details/viscouseffectson00bald,2011 Oct 28 : 15:01:11
http://www.archive.org/details/tinkertoymoduliz00pric,2011 Oct 28 : 15:01:13
http://www.archive.org/details/tablesofbondreso00offt,2011 Oct 28 : 15:01:16
http://www.archive.org/details/studyofdivergenc00tayl,2011 Oct 28 : 15:01:17
http://www.archive.org/details/studyofeffectoft00owen,2011 Oct 28 : 15:01:19
http://www.archive.org/details/statisticalnatur00tedh,2011 Oct 28 : 15:01:20
http://www.archive.org/details/someexperimental00poor,2011 Oct 28 : 15:01:21
http://www.archive.org/details/mercuryinenclose00olse,2011 Oct 28 : 15:01:23
http://www.archive.org/details/investigationofs00reda,2011 Oct 28 : 15:01:25
http://www.archive.org/details/evaluationofsing00sher,2011 Oct 28 : 15:01:27
http://www.archive.org/details/effectsofmovingw00toli,2011 Oct 28 : 15:01:28
http://www.archive.org/details/eccentricslotted00newm,2011 Oct 28 : 15:01:29
http://www.archive.org/details/artificialtransm00walk,2011 Oct 28 : 15:01:31
http://www.archive.org/details/applicationoflos00torb,2011 Oct 28 : 15:01:32
